geo_tension,social_acceptance_pv,social_acceptance_wind,climate_refugees,nuclear
0.018684387,0.518684387,0.252571106,0.817558289,0.317497253
0.026496887,0.182746887,0.776008606,0.700370789,0.669059753
0.526496887,0.682746887,0.276008606,0.200370789,0.169059753
0.776496887,0.432746887,0.026008606,0.950370789,0.419059753
0.276496887,0.932746887,0.526008606,0.450370789,0.919059753
0.401496887,0.307746887,0.401008606,0.575370789,0.294059753
0.901496887,0.807746887,0.901008606,0.075370789,0.794059753
0.651496887,0.057746887,0.651008606,0.825370789,0.544059753
0.151496887,0.557746887,0.151008606,0.325370789,0.044059753
0.213996887,0.495246887,0.588508606,0.012870789,0.231559753
0.713996887,0.995246887,0.088508606,0.512870789,0.731559753
0.963996887,0.245246887,0.338508606,0.262870789,0.981559753
0.463996887,0.745246887,0.838508606,0.762870789,0.481559753
0.338996887,0.120246887,0.213508606,0.137870789,0.856559753
0.838996887,0.620246887,0.713508606,0.637870789,0.356559753
0.588996887,0.370246887,0.963508606,0.387870789,0.106559753
0.088996887,0.870246887,0.463508606,0.887870789,0.606559753
0.120246887,0.338996887,0.119758606,0.856620789,0.887809753
0.620246887,0.838996887,0.619758606,0.356620789,0.387809753
0.870246887,0.088996887,0.869758606,0.606620789,0.137809753
0.370246887,0.588996887,0.369758606,0.106620789,0.637809753
0.495246887,0.213996887,0.744758606,0.981620789,0.012809753
0.995246887,0.713996887,0.244758606,0.481620789,0.512809753
0.745246887,0.463996887,0.494758606,0.731620789,0.762809753
0.245246887,0.963996887,0.994758606,0.231620789,0.262809753
0.182746887,0.026496887,0.307258606,0.419120789,0.450309753
0.682746887,0.526496887,0.807258606,0.919120789,0.950309753
0.932746887,0.276496887,0.557258606,0.169120789,0.700309753
0.432746887,0.776496887,0.057258606,0.669120789,0.200309753
0.307746887,0.401496887,0.932258606,0.294120789,0.575309753
0.807746887,0.901496887,0.432258606,0.794120789,0.075309753
0.557746887,0.151496887,0.182258606,0.044120789,0.325309753
0.057746887,0.651496887,0.682258606,0.544120789,0.825309753
0.042121887,0.417121887,0.354133606,0.153495789,0.122184753
0.542121887,0.917121887,0.854133606,0.653495789,0.622184753
0.792121887,0.167121887,0.604133606,0.403495789,0.872184753
0.292121887,0.667121887,0.104133606,0.903495789,0.372184753
0.417121887,0.042121887,0.979133606,0.028495789,0.997184753
0.917121887,0.542121887,0.479133606,0.528495789,0.497184753
0.667121887,0.292121887,0.229133606,0.278495789,0.247184753
0.167121887,0.792121887,0.729133606,0.778495789,0.747184753
0.229621887,0.229621887,0.041633606,0.590995789,0.559684753
0.729621887,0.729621887,0.541633606,0.090995789,0.059684753
0.979621887,0.479621887,0.791633606,0.840995789,0.309684753
0.479621887,0.979621887,0.291633606,0.340995789,0.809684753
0.354621887,0.354621887,0.666633606,0.715995789,0.434684753
0.854621887,0.854621887,0.166633606,0.215995789,0.934684753
0.604621887,0.104621887,0.416633606,0.965995789,0.684684753
0.104621887,0.604621887,0.916633606,0.465995789,0.184684753
0.073371887,0.073371887,0.510383606,0.309745789,0.340934753
0.573371887,0.573371887,0.010383606,0.809745789,0.840934753
0.823371887,0.323371887,0.260383606,0.059745789,0.590934753
0.323371887,0.823371887,0.760383606,0.559745789,0.090934753
0.448371887,0.448371887,0.135383606,0.434745789,0.715934753
0.948371887,0.948371887,0.635383606,0.934745789,0.215934753
0.698371887,0.198371887,0.885383606,0.184745789,0.465934753
0.198371887,0.698371887,0.385383606,0.684745789,0.965934753
0.135871887,0.260871887,0.822883606,0.997245789,0.778434753
0.635871887,0.760871887,0.322883606,0.497245789,0.278434753
0.885871887,0.010871887,0.072883606,0.747245789,0.028434753
0.385871887,0.510871887,0.572883606,0.247245789,0.528434753
0.260871887,0.135871887,0.447883606,0.872245789,0.153434753
0.760871887,0.635871887,0.947883606,0.372245789,0.653434753
0.510871887,0.385871887,0.697883606,0.622245789,0.903434753
0.010871887,0.885871887,0.197883606,0.122245789,0.403434753
0.014778137,0.116340637,0.490852356,0.548027039,0.915153503
0.514778137,0.616340637,0.990852356,0.048027039,0.415153503
0.764778137,0.366340637,0.740852356,0.798027039,0.165153503
0.264778137,0.866340637,0.240852356,0.298027039,0.665153503
0.389778137,0.491340637,0.865852356,0.673027039,0.040153503
0.889778137,0.991340637,0.365852356,0.173027039,0.540153503
0.639778137,0.241340637,0.115852356,0.923027039,0.790153503
0.139778137,0.741340637,0.615852356,0.423027039,0.290153503
0.202278137,0.303840637,0.178352356,0.235527039,0.477653503
0.702278137,0.803840637,0.678352356,0.735527039,0.977653503
0.952278137,0.053840637,0.928352356,0.485527039,0.727653503
0.452278137,0.553840637,0.428352356,0.985527039,0.227653503
0.327278137,0.178840637,0.553352356,0.110527039,0.602653503
0.827278137,0.678840637,0.053352356,0.610527039,0.102653503
0.577278137,0.428840637,0.303352356,0.360527039,0.352653503
0.077278137,0.928840637,0.803352356,0.860527039,0.852653503
0.108528137,0.397590637,0.647102356,0.891777039,0.633903503
0.608528137,0.897590637,0.147102356,0.391777039,0.133903503
0.858528137,0.147590637,0.397102356,0.641777039,0.383903503
0.358528137,0.647590637,0.897102356,0.141777039,0.883903503
0.483528137,0.022590637,0.022102356,0.766777039,0.258903503
0.983528137,0.522590637,0.522102356,0.266777039,0.758903503
0.733528137,0.272590637,0.772102356,0.516777039,0.508903503
0.233528137,0.772590637,0.272102356,0.016777039,0.008903503
0.171028137,0.210090637,0.959602356,0.329277039,0.196403503
0.671028137,0.710090637,0.459602356,0.829277039,0.696403503
0.921028137,0.460090637,0.209602356,0.079277039,0.946403503
0.421028137,0.960090637,0.709602356,0.579277039,0.446403503
0.296028137,0.335090637,0.334602356,0.454277039,0.821403503
0.796028137,0.835090637,0.834602356,0.954277039,0.321403503
0.546028137,0.085090637,0.584602356,0.204277039,0.071403503
0.046028137,0.585090637,0.084602356,0.704277039,0.571403503
0.061653137,0.350715637,0.881477356,0.094902039,0.368278503
0.561653137,0.850715637,0.381477356,0.594902039,0.868278503
0.811653137,0.100715637,0.131477356,0.344902039,0.618278503
0.311653137,0.600715637,0.631477356,0.844902039,0.118278503
0.436653137,0.225715637,0.256477356,0.219902039,0.743278503
0.936653137,0.725715637,0.756477356,0.719902039,0.243278503
0.686653137,0.475715637,0.506477356,0.469902039,0.493278503
0.186653137,0.975715637,0.006477356,0.969902039,0.993278503
0.249153137,0.038215637,0.693977356,0.657402039,0.805778503
0.749153137,0.538215637,0.193977356,0.157402039,0.305778503
0.999153137,0.288215637,0.443977356,0.907402039,0.055778503
0.499153137,0.788215637,0.943977356,0.407402039,0.555778503
0.374153137,0.413215637,0.068977356,0.532402039,0.180778503
0.874153137,0.913215637,0.568977356,0.032402039,0.680778503
0.624153137,0.163215637,0.818977356,0.782402039,0.930778503
0.124153137,0.663215637,0.318977356,0.282402039,0.430778503
0.092903137,0.131965637,0.225227356,0.438652039,0.087028503
0.592903137,0.631965637,0.725227356,0.938652039,0.587028503
0.842903137,0.381965637,0.975227356,0.188652039,0.837028503
0.342903137,0.881965637,0.475227356,0.688652039,0.337028503
0.467903137,0.256965637,0.600227356,0.313652039,0.962028503
0.967903137,0.756965637,0.100227356,0.813652039,0.462028503
0.717903137,0.006965637,0.350227356,0.063652039,0.212028503
0.217903137,0.506965637,0.850227356,0.563652039,0.712028503
0.155403137,0.444465637,0.412727356,0.751152039,0.524528503
0.655403137,0.944465637,0.912727356,0.251152039,0.024528503
0.905403137,0.194465637,0.662727356,0.501152039,0.274528503
0.405403137,0.694465637,0.162727356,0.001152039,0.774528503
0.280403137,0.069465637,0.787727356,0.876152039,0.399528503
0.780403137,0.569465637,0.287727356,0.376152039,0.899528503
0.530403137,0.319465637,0.037727356,0.626152039,0.649528503
0.030403137,0.819465637,0.537727356,0.126152039,0.149528503
0.022590637,0.483528137,0.061164856,0.258964539,0.860466003
0.522590637,0.983528137,0.561164856,0.758964539,0.360466003
0.772590637,0.233528137,0.811164856,0.008964539,0.110466003
0.272590637,0.733528137,0.311164856,0.508964539,0.610466003
0.397590637,0.108528137,0.686164856,0.383964539,0.235466003
0.897590637,0.608528137,0.186164856,0.883964539,0.735466003
0.647590637,0.358528137,0.436164856,0.133964539,0.985466003
0.147590637,0.858528137,0.936164856,0.633964539,0.485466003
0.210090637,0.171028137,0.373664856,0.946464539,0.297966003
0.710090637,0.671028137,0.873664856,0.446464539,0.797966003
0.960090637,0.421028137,0.623664856,0.696464539,0.547966003
0.460090637,0.921028137,0.123664856,0.196464539,0.047966003
0.335090637,0.296028137,0.998664856,0.821464539,0.672966003
0.835090637,0.796028137,0.498664856,0.321464539,0.172966003
0.585090637,0.046028137,0.248664856,0.571464539,0.422966003
0.085090637,0.546028137,0.748664856,0.071464539,0.922966003
0.116340637,0.014778137,0.842414856,0.165214539,0.579216003
0.616340637,0.514778137,0.342414856,0.665214539,0.079216003
0.866340637,0.264778137,0.092414856,0.415214539,0.329216003
0.366340637,0.764778137,0.592414856,0.915214539,0.829216003
0.491340637,0.389778137,0.467414856,0.040214539,0.454216003
0.991340637,0.889778137,0.967414856,0.540214539,0.954216003
0.741340637,0.139778137,0.717414856,0.290214539,0.704216003
0.241340637,0.639778137,0.217414856,0.790214539,0.204216003
0.178840637,0.327278137,0.529914856,0.602714539,0.016716003
0.678840637,0.827278137,0.029914856,0.102714539,0.516716003
0.928840637,0.077278137,0.279914856,0.852714539,0.766716003
0.428840637,0.577278137,0.779914856,0.352714539,0.266716003
0.303840637,0.202278137,0.154914856,0.727714539,0.891716003
0.803840637,0.702278137,0.654914856,0.227714539,0.391716003
0.553840637,0.452278137,0.904914856,0.977714539,0.141716003
0.053840637,0.952278137,0.404914856,0.477714539,0.641716003
0.038215637,0.249153137,0.576789856,0.837089539,0.407341003
0.538215637,0.749153137,0.076789856,0.337089539,0.907341003
0.788215637,0.499153137,0.326789856,0.587089539,0.657341003
0.288215637,0.999153137,0.826789856,0.087089539,0.157341003
0.413215637,0.374153137,0.201789856,0.962089539,0.532341003
0.913215637,0.874153137,0.701789856,0.462089539,0.032341003
0.663215637,0.124153137,0.951789856,0.712089539,0.282341003
0.163215637,0.624153137,0.451789856,0.212089539,0.782341003
0.225715637,0.436653137,0.764289856,0.399589539,0.969841003
0.725715637,0.936653137,0.264289856,0.899589539,0.469841003
0.975715637,0.186653137,0.014289856,0.149589539,0.219841003
0.475715637,0.686653137,0.514289856,0.649589539,0.719841003
0.350715637,0.061653137,0.389289856,0.274589539,0.094841003
0.850715637,0.561653137,0.889289856,0.774589539,0.594841003
0.600715637,0.311653137,0.639289856,0.024589539,0.844841003
0.100715637,0.811653137,0.139289856,0.524589539,0.344841003
0.069465637,0.280403137,0.295539856,0.743339539,0.126091003
0.569465637,0.780403137,0.795539856,0.243339539,0.626091003
0.819465637,0.030403137,0.545539856,0.993339539,0.876091003
0.319465637,0.530403137,0.045539856,0.493339539,0.376091003
0.444465637,0.155403137,0.920539856,0.618339539,0.751091003
0.944465637,0.655403137,0.420539856,0.118339539,0.251091003
0.694465637,0.405403137,0.170539856,0.868339539,0.001091003
0.194465637,0.905403137,0.670539856,0.368339539,0.501091003
0.131965637,0.092903137,0.108039856,0.055839539,0.688591003
0.631965637,0.592903137,0.608039856,0.555839539,0.188591003
0.881965637,0.342903137,0.858039856,0.305839539,0.438591003
0.381965637,0.842903137,0.358039856,0.805839539,0.938591003
0.256965637,0.467903137,0.733039856,0.180839539,0.313591003
0.756965637,0.967903137,0.233039856,0.680839539,0.813591003
0.506965637,0.217903137,0.483039856,0.430839539,0.563591003
0.006965637,0.717903137,0.983039856,0.930839539,0.063591003
0.005012512,0.215950012,0.074836731,0.210136414,0.284294128
0.505012512,0.715950012,0.574836731,0.710136414,0.784294128
0.755012512,0.465950012,0.824836731,0.460136414,0.534294128
0.255012512,0.965950012,0.324836731,0.960136414,0.034294128
0.380012512,0.340950012,0.699836731,0.085136414,0.659294128
0.880012512,0.840950012,0.199836731,0.585136414,0.159294128
0.630012512,0.090950012,0.449836731,0.335136414,0.409294128
0.130012512,0.590950012,0.949836731,0.835136414,0.909294128
0.192512512,0.403450012,0.262336731,0.522636414,0.846794128
0.692512512,0.903450012,0.762336731,0.022636414,0.346794128
0.942512512,0.153450012,0.512336731,0.772636414,0.096794128
0.442512512,0.653450012,0.012336731,0.272636414,0.596794128
0.317512512,0.028450012,0.887336731,0.647636414,0.221794128
0.817512512,0.528450012,0.387336731,0.147636414,0.721794128
0.567512512,0.278450012,0.137336731,0.897636414,0.971794128
0.067512512,0.778450012,0.637336731,0.397636414,0.471794128
0.098762512,0.309700012,0.793586731,0.366386414,0.003044128
0.598762512,0.809700012,0.293586731,0.866386414,0.503044128
0.848762512,0.059700012,0.043586731,0.116386414,0.753044128
0.348762512,0.559700012,0.543586731,0.616386414,0.253044128
0.473762512,0.184700012,0.418586731,0.491386414,0.878044128
0.973762512,0.684700012,0.918586731,0.991386414,0.378044128
0.723762512,0.434700012,0.668586731,0.241386414,0.128044128
0.223762512,0.934700012,0.168586731,0.741386414,0.628044128
0.161262512,0.122200012,0.606086731,0.928886414,0.565544128
0.661262512,0.622200012,0.106086731,0.428886414,0.065544128
0.911262512,0.372200012,0.356086731,0.678886414,0.315544128
0.411262512,0.872200012,0.856086731,0.178886414,0.815544128
0.286262512,0.497200012,0.231086731,0.803886414,0.440544128
0.786262512,0.997200012,0.731086731,0.303886414,0.940544128
0.536262512,0.247200012,0.981086731,0.553886414,0.690544128
0.036262512,0.747200012,0.481086731,0.053886414,0.190544128
0.051887512,0.450325012,0.559211731,0.632011414,0.987419128
0.551887512,0.950325012,0.059211731,0.132011414,0.487419128
0.801887512,0.200325012,0.309211731,0.882011414,0.237419128
0.301887512,0.700325012,0.809211731,0.382011414,0.737419128
0.426887512,0.075325012,0.184211731,0.507011414,0.112419128
0.926887512,0.575325012,0.684211731,0.007011414,0.612419128
0.676887512,0.325325012,0.934211731,0.757011414,0.862419128
0.176887512,0.825325012,0.434211731,0.257011414,0.362419128
0.239387512,0.137825012,0.871711731,0.069511414,0.424919128
0.739387512,0.637825012,0.371711731,0.569511414,0.924919128
0.989387512,0.387825012,0.121711731,0.319511414,0.674919128
0.489387512,0.887825012,0.621711731,0.819511414,0.174919128
0.364387512,0.262825012,0.496711731,0.194511414,0.549919128
0.864387512,0.762825012,0.996711731,0.694511414,0.049919128
0.614387512,0.012825012,0.746711731,0.444511414,0.299919128
0.114387512,0.512825012,0.246711731,0.944511414,0.799919128
0.083137512,0.044075012,0.340461731,0.788261414,0.706169128
0.583137512,0.544075012,0.840461731,0.288261414,0.206169128
0.833137512,0.294075012,0.590461731,0.538261414,0.456169128
0.333137512,0.794075012,0.090461731,0.038261414,0.956169128
0.458137512,0.419075012,0.965461731,0.913261414,0.331169128
0.958137512,0.919075012,0.465461731,0.413261414,0.831169128
0.708137512,0.169075012,0.215461731,0.663261414,0.581169128
0.208137512,0.669075012,0.715461731,0.163261414,0.081169128
0.145637512,0.356575012,0.027961731,0.475761414,0.143669128
0.645637512,0.856575012,0.527961731,0.975761414,0.643669128
0.895637512,0.106575012,0.777961731,0.225761414,0.893669128
0.395637512,0.606575012,0.277961731,0.725761414,0.393669128
0.270637512,0.231575012,0.652961731,0.350761414,0.768669128
0.770637512,0.731575012,0.152961731,0.850761414,0.268669128
0.520637512,0.481575012,0.402961731,0.100761414,0.018669128
0.020637512,0.981575012,0.902961731,0.600761414,0.518669128
0.028450012,0.317512512,0.379524231,0.983573914,0.495231628
0.528450012,0.817512512,0.879524231,0.483573914,0.995231628
0.778450012,0.067512512,0.629524231,0.733573914,0.745231628
0.278450012,0.567512512,0.129524231,0.233573914,0.245231628
0.403450012,0.192512512,0.754524231,0.858573914,0.620231628
0.903450012,0.692512512,0.254524231,0.358573914,0.120231628
0.653450012,0.442512512,0.004524231,0.608573914,0.370231628
0.153450012,0.942512512,0.504524231,0.108573914,0.870231628
0.215950012,0.005012512,0.192024231,0.296073914,0.932731628
0.715950012,0.505012512,0.692024231,0.796073914,0.432731628
0.965950012,0.255012512,0.942024231,0.046073914,0.182731628
0.465950012,0.755012512,0.442024231,0.546073914,0.682731628
0.340950012,0.380012512,0.567024231,0.421073914,0.057731628
0.840950012,0.880012512,0.067024231,0.921073914,0.557731628
0.590950012,0.130012512,0.317024231,0.171073914,0.807731628
0.090950012,0.630012512,0.817024231,0.671073914,0.307731628
0.122200012,0.161262512,0.723274231,0.577323914,0.213981628
0.622200012,0.661262512,0.223274231,0.077323914,0.713981628
0.872200012,0.411262512,0.473274231,0.827323914,0.963981628
0.372200012,0.911262512,0.973274231,0.327323914,0.463981628
0.497200012,0.286262512,0.098274231,0.702323914,0.838981628
0.997200012,0.786262512,0.598274231,0.202323914,0.338981628
0.747200012,0.036262512,0.848274231,0.952323914,0.088981628
0.247200012,0.536262512,0.348274231,0.452323914,0.588981628
0.184700012,0.473762512,0.910774231,0.139823914,0.651481628
0.684700012,0.973762512,0.410774231,0.639823914,0.151481628
0.934700012,0.223762512,0.160774231,0.389823914,0.401481628
0.434700012,0.723762512,0.660774231,0.889823914,0.901481628
0.309700012,0.098762512,0.285774231,0.014823914,0.276481628
0.809700012,0.598762512,0.785774231,0.514823914,0.776481628
0.559700012,0.348762512,0.535774231,0.264823914,0.526481628
0.059700012,0.848762512,0.035774231,0.764823914,0.026481628
0.044075012,0.083137512,0.988899231,0.436698914,0.792106628
0.544075012,0.583137512,0.488899231,0.936698914,0.292106628
0.794075012,0.333137512,0.238899231,0.186698914,0.042106628
0.294075012,0.833137512,0.738899231,0.686698914,0.542106628
0.419075012,0.458137512,0.363899231,0.311698914,0.167106628
0.919075012,0.958137512,0.863899231,0.811698914,0.667106628
0.669075012,0.208137512,0.613899231,0.061698914,0.917106628
0.169075012,0.708137512,0.113899231,0.561698914,0.417106628
0.231575012,0.270637512,0.676399231,0.874198914,0.354606628
0.731575012,0.770637512,0.176399231,0.374198914,0.854606628
0.981575012,0.020637512,0.426399231,0.624198914,0.604606628
0.481575012,0.520637512,0.926399231,0.124198914,0.104606628
0.356575012,0.145637512,0.051399231,0.999198914,0.729606628
0.856575012,0.645637512,0.551399231,0.499198914,0.229606628
0.606575012,0.395637512,0.801399231,0.749198914,0.479606628
0.106575012,0.895637512,0.301399231,0.249198914,0.979606628
0.075325012,0.426887512,0.145149231,0.030448914,0.510856628
0.575325012,0.926887512,0.645149231,0.530448914,0.010856628
0.825325012,0.176887512,0.895149231,0.280448914,0.260856628
0.325325012,0.676887512,0.395149231,0.780448914,0.760856628
0.450325012,0.051887512,0.520149231,0.155448914,0.385856628
0.950325012,0.551887512,0.020149231,0.655448914,0.885856628
0.700325012,0.301887512,0.270149231,0.405448914,0.635856628
0.200325012,0.801887512,0.770149231,0.905448914,0.135856628
0.137825012,0.239387512,0.457649231,0.717948914,0.073356628
0.637825012,0.739387512,0.957649231,0.217948914,0.573356628
0.887825012,0.489387512,0.707649231,0.967948914,0.823356628
0.387825012,0.989387512,0.207649231,0.467948914,0.323356628
0.262825012,0.364387512,0.832649231,0.592948914,0.948356628
0.762825012,0.864387512,0.332649231,0.092948914,0.448356628
0.512825012,0.114387512,0.082649231,0.842948914,0.198356628
0.012825012,0.614387512,0.582649231,0.342948914,0.698356628
0.008918762,0.383918762,0.852180481,0.768730164,0.249137878
0.508918762,0.883918762,0.352180481,0.268730164,0.749137878
0.758918762,0.133918762,0.102180481,0.518730164,0.999137878
0.258918762,0.633918762,0.602180481,0.018730164,0.499137878
0.383918762,0.008918762,0.477180481,0.893730164,0.874137878
0.883918762,0.508918762,0.977180481,0.393730164,0.374137878
0.633918762,0.258918762,0.727180481,0.643730164,0.124137878
0.133918762,0.758918762,0.227180481,0.143730164,0.624137878
0.196418762,0.196418762,0.539680481,0.456230164,0.686637878
0.696418762,0.696418762,0.039680481,0.956230164,0.186637878
0.946418762,0.446418762,0.289680481,0.206230164,0.436637878
0.446418762,0.946418762,0.789680481,0.706230164,0.936637878
0.321418762,0.321418762,0.164680481,0.331230164,0.311637878
0.821418762,0.821418762,0.664680481,0.831230164,0.811637878
0.571418762,0.071418762,0.914680481,0.081230164,0.561637878
0.071418762,0.571418762,0.414680481,0.581230164,0.061637878
0.102668762,0.102668762,0.008430481,0.674980164,0.467887878
0.602668762,0.602668762,0.508430481,0.174980164,0.967887878
0.852668762,0.352668762,0.758430481,0.924980164,0.717887878
0.352668762,0.852668762,0.258430481,0.424980164,0.217887878
0.477668762,0.477668762,0.633430481,0.549980164,0.592887878
0.977668762,0.977668762,0.133430481,0.049980164,0.092887878
0.727668762,0.227668762,0.383430481,0.799980164,0.342887878
0.227668762,0.727668762,0.883430481,0.299980164,0.842887878
0.165168762,0.290168762,0.320930481,0.112480164,0.905387878
0.665168762,0.790168762,0.820930481,0.612480164,0.405387878
0.915168762,0.040168762,0.570930481,0.362480164,0.155387878
0.415168762,0.540168762,0.070930481,0.862480164,0.655387878
0.290168762,0.165168762,0.945930481,0.237480164,0.030387878
0.790168762,0.665168762,0.445930481,0.737480164,0.530387878
0.540168762,0.415168762,0.195930481,0.487480164,0.780387878
0.040168762,0.915168762,0.695930481,0.987480164,0.280387878
0.055793762,0.149543762,0.274055481,0.315605164,0.546012878
0.555793762,0.649543762,0.774055481,0.815605164,0.046012878
0.805793762,0.399543762,0.524055481,0.065605164,0.296012878
0.305793762,0.899543762,0.024055481,0.565605164,0.796012878
0.430793762,0.274543762,0.899055481,0.440605164,0.421012878
0.930793762,0.774543762,0.399055481,0.940605164,0.921012878
0.680793762,0.024543762,0.149055481,0.190605164,0.671012878
0.180793762,0.524543762,0.649055481,0.690605164,0.171012878
0.243293762,0.462043762,0.086555481,0.878105164,0.108512878
0.743293762,0.962043762,0.586555481,0.378105164,0.608512878
0.993293762,0.212043762,0.836555481,0.628105164,0.858512878
0.493293762,0.712043762,0.336555481,0.128105164,0.358512878
0.368293762,0.087043762,0.711555481,0.753105164,0.983512878
0.868293762,0.587043762,0.211555481,0.253105164,0.483512878
0.618293762,0.337043762,0.461555481,0.503105164,0.233512878
0.118293762,0.837043762,0.961555481,0.003105164,0.733512878
0.087043762,0.368293762,0.617805481,0.221855164,0.764762878
0.587043762,0.868293762,0.117805481,0.721855164,0.264762878
0.837043762,0.118293762,0.367805481,0.471855164,0.014762878
0.337043762,0.618293762,0.867805481,0.971855164,0.514762878
0.462043762,0.243293762,0.242805481,0.096855164,0.139762878
0.962043762,0.743293762,0.742805481,0.596855164,0.639762878
0.712043762,0.493293762,0.992805481,0.346855164,0.889762878
0.212043762,0.993293762,0.492805481,0.846855164,0.389762878
0.149543762,0.055793762,0.805305481,0.534355164,0.327262878
0.649543762,0.555793762,0.305305481,0.034355164,0.827262878
0.899543762,0.305793762,0.055305481,0.784355164,0.577262878
0.399543762,0.805793762,0.555305481,0.284355164,0.077262878
0.274543762,0.430793762,0.430305481,0.659355164,0.702262878
0.774543762,0.930793762,0.930305481,0.159355164,0.202262878
0.524543762,0.180793762,0.680305481,0.909355164,0.452262878
0.024543762,0.680793762,0.180305481,0.409355164,0.952262878
0.016731262,0.016731262,0.656867981,0.042167664,0.038200378
0.516731262,0.516731262,0.156867981,0.542167664,0.538200378
0.766731262,0.266731262,0.406867981,0.292167664,0.788200378
0.266731262,0.766731262,0.906867981,0.792167664,0.288200378
0.391731262,0.391731262,0.031867981,0.167167664,0.913200378
0.891731262,0.891731262,0.531867981,0.667167664,0.413200378
0.641731262,0.141731262,0.781867981,0.417167664,0.163200378
0.141731262,0.641731262,0.281867981,0.917167664,0.663200378
0.204231262,0.329231262,0.969367981,0.729667664,0.600700378
0.704231262,0.829231262,0.469367981,0.229667664,0.100700378
0.954231262,0.079231262,0.219367981,0.979667664,0.350700378
0.454231262,0.579231262,0.719367981,0.479667664,0.850700378
0.329231262,0.204231262,0.344367981,0.604667664,0.475700378
0.829231262,0.704231262,0.844367981,0.104667664,0.975700378
0.579231262,0.454231262,0.594367981,0.854667664,0.725700378
0.079231262,0.954231262,0.094367981,0.354667664,0.225700378
0.110481262,0.485481262,0.438117981,0.385917664,0.256950378
0.610481262,0.985481262,0.938117981,0.885917664,0.756950378
0.860481262,0.235481262,0.688117981,0.135917664,0.506950378
0.360481262,0.735481262,0.188117981,0.635917664,0.006950378
0.485481262,0.110481262,0.813117981,0.260917664,0.631950378
0.985481262,0.610481262,0.313117981,0.760917664,0.131950378
0.735481262,0.360481262,0.063117981,0.010917664,0.381950378
0.235481262,0.860481262,0.563117981,0.510917664,0.881950378
0.172981262,0.172981262,0.125617981,0.823417664,0.819450378
0.672981262,0.672981262,0.625617981,0.323417664,0.319450378
0.922981262,0.422981262,0.875617981,0.573417664,0.069450378
0.422981262,0.922981262,0.375617981,0.073417664,0.569450378
0.297981262,0.297981262,0.500617981,0.948417664,0.194450378
0.797981262,0.797981262,0.000617981,0.448417664,0.694450378
0.547981262,0.047981262,0.250617981,0.698417664,0.944450378
0.047981262,0.547981262,0.750617981,0.198417664,0.444450378
0.032356262,0.251106262,0.203742981,0.620292664,0.741325378
0.532356262,0.751106262,0.703742981,0.120292664,0.241325378
0.782356262,0.001106262,0.953742981,0.870292664,0.491325378
0.282356262,0.501106262,0.453742981,0.370292664,0.991325378
0.407356262,0.126106262,0.578742981,0.745292664,0.366325378
0.907356262,0.626106262,0.078742981,0.245292664,0.866325378
0.657356262,0.376106262,0.328742981,0.995292664,0.616325378
0.157356262,0.876106262,0.828742981,0.495292664,0.116325378
0.219856262,0.063606262,0.391242981,0.182792664,0.178825378
0.719856262,0.563606262,0.891242981,0.682792664,0.678825378
0.969856262,0.313606262,0.641242981,0.432792664,0.928825378
0.469856262,0.813606262,0.141242981,0.932792664,0.428825378
0.344856262,0.438606262,0.766242981,0.057792664,0.803825378
0.844856262,0.938606262,0.266242981,0.557792664,0.303825378
0.594856262,0.188606262,0.016242981,0.307792664,0.053825378
0.094856262,0.688606262,0.516242981,0.807792664,0.553825378
0.063606262,0.219856262,0.922492981,0.964042664,0.960075378
0.563606262,0.719856262,0.422492981,0.464042664,0.460075378
0.813606262,0.469856262,0.172492981,0.714042664,0.210075378
0.313606262,0.969856262,0.672492981,0.214042664,0.710075378
0.438606262,0.344856262,0.297492981,0.839042664,0.085075378
0.938606262,0.844856262,0.797492981,0.339042664,0.585075378
0.688606262,0.094856262,0.547492981,0.589042664,0.835075378
0.188606262,0.594856262,0.047492981,0.089042664,0.335075378
0.126106262,0.407356262,0.734992981,0.276542664,0.397575378
0.626106262,0.907356262,0.234992981,0.776542664,0.897575378
0.876106262,0.157356262,0.484992981,0.026542664,0.647575378
0.376106262,0.657356262,0.984992981,0.526542664,0.147575378
0.251106262,0.032356262,0.109992981,0.401542664,0.522575378
0.751106262,0.532356262,0.609992981,0.901542664,0.022575378
0.501106262,0.282356262,0.859992981,0.151542664,0.272575378
0.001106262,0.782356262,0.359992981,0.651542664,0.772575378
0.001594543,0.409797668,0.229621887,0.985038757,0.893180847
0.501594543,0.909797668,0.729621887,0.485038757,0.393180847
0.751594543,0.159797668,0.979621887,0.735038757,0.143180847
0.251594543,0.659797668,0.479621887,0.235038757,0.643180847
0.376594543,0.034797668,0.604621887,0.860038757,0.018180847
0.876594543,0.534797668,0.104621887,0.360038757,0.518180847
0.626594543,0.284797668,0.354621887,0.610038757,0.768180847
0.126594543,0.784797668,0.854621887,0.110038757,0.268180847
0.189094543,0.222297668,0.417121887,0.297538757,0.455680847
0.689094543,0.722297668,0.917121887,0.797538757,0.955680847
0.939094543,0.472297668,0.667121887,0.047538757,0.705680847
0.439094543,0.972297668,0.167121887,0.547538757,0.205680847
0.314094543,0.347297668,0.792121887,0.422538757,0.580680847
0.814094543,0.847297668,0.292121887,0.922538757,0.080680847
0.564094543,0.097297668,0.042121887,0.172538757,0.330680847
0.064094543,0.597297668,0.542121887,0.672538757,0.830680847
0.095344543,0.066047668,0.885871887,0.578788757,0.674430847
0.595344543,0.566047668,0.385871887,0.078788757,0.174430847
0.845344543,0.316047668,0.135871887,0.828788757,0.424430847
0.345344543,0.816047668,0.635871887,0.328788757,0.924430847
0.470344543,0.441047668,0.260871887,0.703788757,0.299430847
0.970344543,0.941047668,0.760871887,0.203788757,0.799430847
0.720344543,0.191047668,0.510871887,0.953788757,0.549430847
0.220344543,0.691047668,0.010871887,0.453788757,0.049430847
0.157844543,0.253547668,0.698371887,0.141288757,0.236930847
0.657844543,0.753547668,0.198371887,0.641288757,0.736930847
0.907844543,0.003547668,0.448371887,0.391288757,0.986930847
0.407844543,0.503547668,0.948371887,0.891288757,0.486930847
0.282844543,0.128547668,0.073371887,0.016288757,0.861930847
0.782844543,0.628547668,0.573371887,0.516288757,0.361930847
0.532844543,0.378547668,0.823371887,0.266288757,0.111930847
0.032844543,0.878547668,0.323371887,0.766288757,0.611930847
0.048469543,0.175422668,0.651496887,0.406913757,0.315055847
0.548469543,0.675422668,0.151496887,0.906913757,0.815055847
0.798469543,0.425422668,0.401496887,0.156913757,0.565055847
0.298469543,0.925422668,0.901496887,0.656913757,0.065055847
0.423469543,0.300422668,0.026496887,0.281913757,0.690055847
0.923469543,0.800422668,0.526496887,0.781913757,0.190055847
0.673469543,0.050422668,0.776496887,0.031913757,0.440055847
0.173469543,0.550422668,0.276496887,0.531913757,0.940055847
0.235969543,0.487922668,0.963996887,0.844413757,0.752555847
0.735969543,0.987922668,0.463996887,0.344413757,0.252555847
0.985969543,0.237922668,0.213996887,0.594413757,0.002555847
0.485969543,0.737922668,0.713996887,0.094413757,0.502555847
0.360969543,0.112922668,0.338996887,0.969413757,0.127555847
0.860969543,0.612922668,0.838996887,0.469413757,0.627555847
0.610969543,0.362922668,0.588996887,0.719413757,0.877555847
0.110969543,0.862922668,0.088996887,0.219413757,0.377555847
0.079719543,0.331672668,0.495246887,0.000663757,0.096305847
0.579719543,0.831672668,0.995246887,0.500663757,0.596305847
0.829719543,0.081672668,0.745246887,0.250663757,0.846305847
0.329719543,0.581672668,0.245246887,0.750663757,0.346305847
0.454719543,0.206672668,0.870246887,0.125663757,0.971305847
0.954719543,0.706672668,0.370246887,0.625663757,0.471305847
0.704719543,0.456672668,0.120246887,0.375663757,0.221305847
0.204719543,0.956672668,0.620246887,0.875663757,0.721305847
0.142219543,0.019172668,0.182746887,0.688163757,0.533805847
0.642219543,0.519172668,0.682746887,0.188163757,0.033805847
0.892219543,0.269172668,0.932746887,0.938163757,0.283805847
0.392219543,0.769172668,0.432746887,0.438163757,0.783805847
0.267219543,0.394172668,0.557746887,0.563163757,0.408805847
0.767219543,0.894172668,0.057746887,0.063163757,0.908805847
0.517219543,0.144172668,0.307746887,0.813163757,0.658805847
0.017219543,0.644172668,0.807746887,0.313163757,0.158805847
0.025032043,0.058235168,0.284309387,0.195976257,0.822868347
0.525032043,0.558235168,0.784309387,0.695976257,0.322868347
0.775032043,0.308235168,0.534309387,0.445976257,0.072868347
0.275032043,0.808235168,0.034309387,0.945976257,0.572868347
0.400032043,0.433235168,0.909309387,0.070976257,0.197868347
0.900032043,0.933235168,0.409309387,0.570976257,0.697868347
0.650032043,0.183235168,0.159309387,0.320976257,0.947868347
0.150032043,0.683235168,0.659309387,0.820976257,0.447868347
0.212532043,0.370735168,0.096809387,0.508476257,0.260368347
0.712532043,0.870735168,0.596809387,0.008476257,0.760368347
0.962532043,0.120735168,0.846809387,0.758476257,0.510368347
0.462532043,0.620735168,0.346809387,0.258476257,0.010368347
0.337532043,0.245735168,0.721809387,0.633476257,0.635368347
0.837532043,0.745735168,0.221809387,0.133476257,0.135368347
0.587532043,0.495735168,0.471809387,0.883476257,0.385368347
0.087532043,0.995735168,0.971809387,0.383476257,0.885368347
0.118782043,0.464485168,0.565559387,0.352226257,0.604118347
0.618782043,0.964485168,0.065559387,0.852226257,0.104118347
0.868782043,0.214485168,0.315559387,0.102226257,0.354118347
0.368782043,0.714485168,0.815559387,0.602226257,0.854118347
0.493782043,0.089485168,0.190559387,0.477226257,0.479118347
0.993782043,0.589485168,0.690559387,0.977226257,0.979118347
0.743782043,0.339485168,0.940559387,0.227226257,0.729118347
0.243782043,0.839485168,0.440559387,0.727226257,0.229118347
0.181282043,0.151985168,0.753059387,0.914726257,0.041618347
0.681282043,0.651985168,0.253059387,0.414726257,0.541618347
0.931282043,0.401985168,0.003059387,0.664726257,0.791618347
0.431282043,0.901985168,0.503059387,0.164726257,0.291618347
0.306282043,0.276985168,0.378059387,0.789726257,0.916618347
0.806282043,0.776985168,0.878059387,0.289726257,0.416618347
0.556282043,0.026985168,0.628059387,0.539726257,0.166618347
0.056282043,0.526985168,0.128059387,0.039726257,0.666618347
0.040657043,0.292610168,0.831184387,0.649101257,0.400993347
0.540657043,0.792610168,0.331184387,0.149101257,0.900993347
0.790657043,0.042610168,0.081184387,0.899101257,0.650993347
0.290657043,0.542610168,0.581184387,0.399101257,0.150993347
0.415657043,0.167610168,0.456184387,0.524101257,0.525993347
0.915657043,0.667610168,0.956184387,0.024101257,0.025993347
0.665657043,0.417610168,0.706184387,0.774101257,0.275993347
0.165657043,0.917610168,0.206184387,0.274101257,0.775993347
0.228157043,0.105110168,0.518684387,0.086601257,0.963493347
0.728157043,0.605110168,0.018684387,0.586601257,0.463493347
0.978157043,0.355110168,0.268684387,0.336601257,0.213493347
0.478157043,0.855110168,0.768684387,0.836601257,0.713493347
0.353157043,0.480110168,0.143684387,0.211601257,0.088493347
0.853157043,0.980110168,0.643684387,0.711601257,0.588493347
0.603157043,0.230110168,0.893684387,0.461601257,0.838493347
0.103157043,0.730110168,0.393684387,0.961601257,0.338493347
0.071907043,0.198860168,0.049934387,0.805351257,0.182243347
0.571907043,0.698860168,0.549934387,0.305351257,0.682243347
0.821907043,0.448860168,0.799934387,0.555351257,0.932243347
0.321907043,0.948860168,0.299934387,0.055351257,0.432243347
0.446907043,0.323860168,0.674934387,0.930351257,0.807243347
0.946907043,0.823860168,0.174934387,0.430351257,0.307243347
0.696907043,0.073860168,0.424934387,0.680351257,0.057243347
0.196907043,0.573860168,0.924934387,0.180351257,0.557243347
0.134407043,0.386360168,0.362434387,0.492851257,0.744743347
0.634407043,0.886360168,0.862434387,0.992851257,0.244743347
0.884407043,0.136360168,0.612434387,0.242851257,0.494743347
0.384407043,0.636360168,0.112434387,0.742851257,0.994743347
0.259407043,0.011360168,0.987434387,0.367851257,0.369743347
0.759407043,0.511360168,0.487434387,0.867851257,0.869743347
0.509407043,0.261360168,0.237434387,0.117851257,0.619743347
0.009407043,0.761360168,0.737434387,0.617851257,0.119743347
0.013313293,0.241828918,0.952278137,0.051445007,0.576774597
0.513313293,0.741828918,0.452278137,0.551445007,0.076774597
0.763313293,0.491828918,0.202278137,0.301445007,0.326774597
0.263313293,0.991828918,0.702278137,0.801445007,0.826774597
0.388313293,0.366828918,0.327278137,0.176445007,0.451774597
0.888313293,0.866828918,0.827278137,0.676445007,0.951774597
0.638313293,0.116828918,0.577278137,0.426445007,0.701774597
0.138313293,0.616828918,0.077278137,0.926445007,0.201774597
0.200813293,0.429328918,0.639778137,0.738945007,0.014274597
0.700813293,0.929328918,0.139778137,0.238945007,0.514274597
0.950813293,0.179328918,0.389778137,0.988945007,0.764274597
0.450813293,0.679328918,0.889778137,0.488945007,0.264274597
0.325813293,0.054328918,0.014778137,0.613945007,0.889274597
0.825813293,0.554328918,0.514778137,0.113945007,0.389274597
0.575813293,0.304328918,0.764778137,0.863945007,0.139274597
0.075813293,0.804328918,0.264778137,0.363945007,0.639274597
0.107063293,0.273078918,0.171028137,0.395195007,0.858024597
0.607063293,0.773078918,0.671028137,0.895195007,0.358024597
0.857063293,0.023078918,0.921028137,0.145195007,0.108024597
0.357063293,0.523078918,0.421028137,0.645195007,0.608024597
0.482063293,0.148078918,0.546028137,0.270195007,0.233024597
0.982063293,0.648078918,0.046028137,0.770195007,0.733024597
0.732063293,0.398078918,0.296028137,0.020195007,0.983024597
0.232063293,0.898078918,0.796028137,0.520195007,0.483024597
0.169563293,0.085578918,0.483528137,0.832695007,0.295524597
0.669563293,0.585578918,0.983528137,0.332695007,0.795524597
0.919563293,0.335578918,0.733528137,0.582695007,0.545524597
0.419563293,0.835578918,0.233528137,0.082695007,0.045524597
0.294563293,0.460578918,0.858528137,0.957695007,0.670524597
0.794563293,0.960578918,0.358528137,0.457695007,0.170524597
0.544563293,0.210578918,0.108528137,0.707695007,0.420524597
0.044563293,0.710578918,0.608528137,0.207695007,0.920524597
0.060188293,0.476203918,0.436653137,0.598320007,0.154899597
0.560188293,0.976203918,0.936653137,0.098320007,0.654899597
0.810188293,0.226203918,0.686653137,0.848320007,0.904899597
0.310188293,0.726203918,0.186653137,0.348320007,0.404899597
0.435188293,0.101203918,0.811653137,0.723320007,0.779899597
0.935188293,0.601203918,0.311653137,0.223320007,0.279899597
0.685188293,0.351203918,0.061653137,0.973320007,0.029899597
0.185188293,0.851203918,0.561653137,0.473320007,0.529899597
0.247688293,0.163703918,0.249153137,0.160820007,0.717399597
0.747688293,0.663703918,0.749153137,0.660820007,0.217399597
0.997688293,0.413703918,0.999153137,0.410820007,0.467399597
0.497688293,0.913703918,0.499153137,0.910820007,0.967399597
0.372688293,0.288703918,0.624153137,0.035820007,0.342399597
0.872688293,0.788703918,0.124153137,0.535820007,0.842399597
0.622688293,0.038703918,0.374153137,0.285820007,0.592399597
0.122688293,0.538703918,0.874153137,0.785820007,0.092399597
0.091438293,0.007453918,0.717903137,0.942070007,0.436149597
0.591438293,0.507453918,0.217903137,0.442070007,0.936149597
0.841438293,0.257453918,0.467903137,0.692070007,0.686149597
0.341438293,0.757453918,0.967903137,0.192070007,0.186149597
0.466438293,0.382453918,0.092903137,0.817070007,0.561149597
0.966438293,0.882453918,0.592903137,0.317070007,0.061149597
0.716438293,0.132453918,0.842903137,0.567070007,0.311149597
0.216438293,0.632453918,0.342903137,0.067070007,0.811149597
0.153938293,0.319953918,0.905403137,0.254570007,0.998649597
0.653938293,0.819953918,0.405403137,0.754570007,0.498649597
0.903938293,0.069953918,0.155403137,0.004570007,0.248649597
0.403938293,0.569953918,0.655403137,0.504570007,0.748649597
0.278938293,0.194953918,0.280403137,0.379570007,0.123649597
0.778938293,0.694953918,0.780403137,0.879570007,0.623649597
0.528938293,0.444953918,0.530403137,0.129570007,0.873649597
0.028938293,0.944953918,0.030403137,0.629570007,0.373649597
0.021125793,0.359016418,0.506965637,0.762382507,0.647087097
0.521125793,0.859016418,0.006965637,0.262382507,0.147087097
0.771125793,0.109016418,0.256965637,0.512382507,0.397087097
0.271125793,0.609016418,0.756965637,0.012382507,0.897087097
0.396125793,0.234016418,0.131965637,0.887382507,0.272087097
0.896125793,0.734016418,0.631965637,0.387382507,0.772087097
0.646125793,0.484016418,0.881965637,0.637382507,0.522087097
0.146125793,0.984016418,0.381965637,0.137382507,0.022087097
0.208625793,0.046516418,0.819465637,0.449882507,0.209587097
0.708625793,0.546516418,0.319465637,0.949882507,0.709587097
0.958625793,0.296516418,0.069465637,0.199882507,0.959587097
0.458625793,0.796516418,0.569465637,0.699882507,0.459587097
0.333625793,0.421516418,0.444465637,0.324882507,0.834587097
0.833625793,0.921516418,0.944465637,0.824882507,0.334587097
0.583625793,0.171516418,0.694465637,0.074882507,0.084587097
0.083625793,0.671516418,0.194465637,0.574882507,0.584587097
0.114875793,0.140266418,0.350715637,0.668632507,0.928337097
0.614875793,0.640266418,0.850715637,0.168632507,0.428337097
0.864875793,0.390266418,0.600715637,0.918632507,0.178337097
0.364875793,0.890266418,0.100715637,0.418632507,0.678337097
0.489875793,0.265266418,0.975715637,0.543632507,0.053337097
0.989875793,0.765266418,0.475715637,0.043632507,0.553337097
0.739875793,0.015266418,0.225715637,0.793632507,0.803337097
0.239875793,0.515266418,0.725715637,0.293632507,0.303337097
0.177375793,0.452766418,0.038215637,0.106132507,0.490837097
0.677375793,0.952766418,0.538215637,0.606132507,0.990837097
0.927375793,0.202766418,0.788215637,0.356132507,0.740837097
0.427375793,0.702766418,0.288215637,0.856132507,0.240837097
0.302375793,0.077766418,0.663215637,0.231132507,0.615837097
0.802375793,0.577766418,0.163215637,0.731132507,0.115837097
0.552375793,0.327766418,0.413215637,0.481132507,0.365837097
0.052375793,0.827766418,0.913215637,0.981132507,0.865837097
0.036750793,0.124641418,0.116340637,0.340507507,0.068962097
0.536750793,0.624641418,0.616340637,0.840507507,0.568962097
0.786750793,0.374641418,0.866340637,0.090507507,0.818962097
0.286750793,0.874641418,0.366340637,0.590507507,0.318962097
0.411750793,0.499641418,0.741340637,0.465507507,0.943962097
0.911750793,0.999641418,0.241340637,0.965507507,0.443962097
0.661750793,0.249641418,0.491340637,0.215507507,0.193962097
0.161750793,0.749641418,0.991340637,0.715507507,0.693962097
0.224250793,0.312141418,0.303840637,0.903007507,0.506462097
0.724250793,0.812141418,0.803840637,0.403007507,0.006462097
0.974250793,0.062141418,0.553840637,0.653007507,0.256462097
0.474250793,0.562141418,0.053840637,0.153007507,0.756462097
0.349250793,0.187141418,0.928840637,0.778007507,0.381462097
0.849250793,0.687141418,0.428840637,0.278007507,0.881462097
0.599250793,0.437141418,0.178840637,0.528007507,0.631462097
0.099250793,0.937141418,0.678840637,0.028007507,0.131462097
0.068000793,0.405891418,0.772590637,0.246757507,0.350212097
0.568000793,0.905891418,0.272590637,0.746757507,0.850212097
0.818000793,0.155891418,0.022590637,0.496757507,0.600212097
0.318000793,0.655891418,0.522590637,0.996757507,0.100212097
0.443000793,0.030891418,0.397590637,0.121757507,0.725212097
0.943000793,0.530891418,0.897590637,0.621757507,0.225212097
0.693000793,0.280891418,0.647590637,0.371757507,0.475212097
0.193000793,0.780891418,0.147590637,0.871757507,0.975212097
0.130500793,0.218391418,0.585090637,0.559257507,0.787712097
0.630500793,0.718391418,0.085090637,0.059257507,0.287712097
0.880500793,0.468391418,0.335090637,0.809257507,0.037712097
0.380500793,0.968391418,0.835090637,0.309257507,0.537712097
0.255500793,0.343391418,0.210090637,0.684257507,0.162712097
0.755500793,0.843391418,0.710090637,0.184257507,0.662712097
0.505500793,0.093391418,0.960090637,0.934257507,0.912712097
0.005500793,0.593391418,0.460090637,0.434257507,0.412712097
0.007453918,0.091438293,0.614387512,0.705741882,0.192008972
0.507453918,0.591438293,0.114387512,0.205741882,0.692008972
0.757453918,0.341438293,0.364387512,0.955741882,0.942008972
0.257453918,0.841438293,0.864387512,0.455741882,0.442008972
0.382453918,0.466438293,0.239387512,0.580741882,0.817008972
0.882453918,0.966438293,0.739387512,0.080741882,0.317008972
0.632453918,0.216438293,0.989387512,0.830741882,0.067008972
0.132453918,0.716438293,0.489387512,0.330741882,0.567008972
0.194953918,0.278938293,0.801887512,0.018241882,0.629508972
0.694953918,0.778938293,0.301887512,0.518241882,0.129508972
0.944953918,0.028938293,0.051887512,0.268241882,0.379508972
0.444953918,0.528938293,0.551887512,0.768241882,0.879508972
0.319953918,0.153938293,0.426887512,0.143241882,0.254508972
0.819953918,0.653938293,0.926887512,0.643241882,0.754508972
0.569953918,0.403938293,0.676887512,0.393241882,0.504508972
0.069953918,0.903938293,0.176887512,0.893241882,0.004508972
0.101203918,0.435188293,0.270637512,0.861991882,0.473258972
0.601203918,0.935188293,0.770637512,0.361991882,0.973258972
0.851203918,0.185188293,0.520637512,0.611991882,0.723258972
0.351203918,0.685188293,0.020637512,0.111991882,0.223258972
0.476203918,0.060188293,0.895637512,0.986991882,0.598258972
0.976203918,0.560188293,0.395637512,0.486991882,0.098258972
0.726203918,0.310188293,0.145637512,0.736991882,0.348258972
0.226203918,0.810188293,0.645637512,0.236991882,0.848258972
0.163703918,0.247688293,0.083137512,0.424491882,0.910758972
0.663703918,0.747688293,0.583137512,0.924491882,0.410758972
0.913703918,0.497688293,0.833137512,0.174491882,0.160758972
0.413703918,0.997688293,0.333137512,0.674491882,0.660758972
0.288703918,0.372688293,0.708137512,0.299491882,0.035758972
0.788703918,0.872688293,0.208137512,0.799491882,0.535758972
0.538703918,0.122688293,0.458137512,0.049491882,0.785758972
0.038703918,0.622688293,0.958137512,0.549491882,0.285758972
0.054328918,0.325813293,0.005012512,0.127616882,0.520133972
0.554328918,0.825813293,0.505012512,0.627616882,0.020133972
0.804328918,0.075813293,0.755012512,0.377616882,0.270133972
0.304328918,0.575813293,0.255012512,0.877616882,0.770133972
0.429328918,0.200813293,0.630012512,0.002616882,0.395133972
0.929328918,0.700813293,0.130012512,0.502616882,0.895133972
0.679328918,0.450813293,0.380012512,0.252616882,0.645133972
0.179328918,0.950813293,0.880012512,0.752616882,0.145133972
0.241828918,0.013313293,0.317512512,0.565116882,0.082633972
0.741828918,0.513313293,0.817512512,0.065116882,0.582633972
0.991828918,0.263313293,0.567512512,0.815116882,0.832633972
0.491828918,0.763313293,0.067512512,0.315116882,0.332633972
0.366828918,0.388313293,0.942512512,0.690116882,0.957633972
0.866828918,0.888313293,0.442512512,0.190116882,0.457633972
0.616828918,0.138313293,0.192512512,0.940116882,0.207633972
0.116828918,0.638313293,0.692512512,0.440116882,0.707633972
0.085578918,0.169563293,0.848762512,0.283866882,0.801383972
0.585578918,0.669563293,0.348762512,0.783866882,0.301383972
0.835578918,0.419563293,0.098762512,0.033866882,0.051383972
0.335578918,0.919563293,0.598762512,0.533866882,0.551383972
0.460578918,0.294563293,0.473762512,0.408866882,0.176383972
0.960578918,0.794563293,0.973762512,0.908866882,0.676383972
0.710578918,0.044563293,0.723762512,0.158866882,0.926383972
0.210578918,0.544563293,0.223762512,0.658866882,0.426383972
0.148078918,0.482063293,0.536262512,0.971366882,0.363883972
0.648078918,0.982063293,0.036262512,0.471366882,0.863883972
0.898078918,0.232063293,0.286262512,0.721366882,0.613883972
0.398078918,0.732063293,0.786262512,0.221366882,0.113883972
0.273078918,0.107063293,0.161262512,0.846366882,0.738883972
0.773078918,0.607063293,0.661262512,0.346366882,0.238883972
0.523078918,0.357063293,0.911262512,0.596366882,0.488883972
0.023078918,0.857063293,0.411262512,0.096366882,0.988883972
0.030891418,0.443000793,0.934700012,0.479179382,0.027946472
0.530891418,0.943000793,0.434700012,0.979179382,0.527946472
0.780891418,0.193000793,0.184700012,0.229179382,0.777946472
0.280891418,0.693000793,0.684700012,0.729179382,0.277946472
0.405891418,0.068000793,0.309700012,0.354179382,0.902946472
0.905891418,0.568000793,0.809700012,0.854179382,0.402946472
0.655891418,0.318000793,0.559700012,0.104179382,0.152946472
0.155891418,0.818000793,0.059700012,0.604179382,0.652946472
0.218391418,0.130500793,0.747200012,0.791679382,0.590446472
0.718391418,0.630500793,0.247200012,0.291679382,0.090446472
0.968391418,0.380500793,0.497200012,0.541679382,0.340446472
0.468391418,0.880500793,0.997200012,0.041679382,0.840446472
0.343391418,0.255500793,0.122200012,0.916679382,0.465446472
0.843391418,0.755500793,0.622200012,0.416679382,0.965446472
0.593391418,0.005500793,0.872200012,0.666679382,0.715446472
0.093391418,0.505500793,0.372200012,0.166679382,0.215446472
0.124641418,0.036750793,0.215950012,0.072929382,0.309196472
0.624641418,0.536750793,0.715950012,0.572929382,0.809196472
0.874641418,0.286750793,0.965950012,0.322929382,0.559196472
0.374641418,0.786750793,0.465950012,0.822929382,0.059196472
0.499641418,0.411750793,0.590950012,0.197929382,0.684196472
0.999641418,0.911750793,0.090950012,0.697929382,0.184196472
0.749641418,0.161750793,0.340950012,0.447929382,0.434196472
0.249641418,0.661750793,0.840950012,0.947929382,0.934196472
0.187141418,0.349250793,0.403450012,0.635429382,0.871696472
0.687141418,0.849250793,0.903450012,0.135429382,0.371696472
0.937141418,0.099250793,0.653450012,0.885429382,0.121696472
0.437141418,0.599250793,0.153450012,0.385429382,0.621696472
0.312141418,0.224250793,0.778450012,0.510429382,0.246696472
0.812141418,0.724250793,0.278450012,0.010429382,0.746696472
0.562141418,0.474250793,0.028450012,0.760429382,0.996696472
0.062141418,0.974250793,0.528450012,0.260429382,0.496696472
0.046516418,0.208625793,0.450325012,0.932304382,0.699821472
0.546516418,0.708625793,0.950325012,0.432304382,0.199821472
0.796516418,0.458625793,0.700325012,0.682304382,0.449821472
0.296516418,0.958625793,0.200325012,0.182304382,0.949821472
0.421516418,0.333625793,0.825325012,0.807304382,0.324821472
0.921516418,0.833625793,0.325325012,0.307304382,0.824821472
0.671516418,0.083625793,0.075325012,0.557304382,0.574821472
0.171516418,0.583625793,0.575325012,0.057304382,0.074821472
0.234016418,0.396125793,0.137825012,0.369804382,0.137321472
0.734016418,0.896125793,0.637825012,0.869804382,0.637321472
0.984016418,0.146125793,0.887825012,0.119804382,0.887321472
0.484016418,0.646125793,0.387825012,0.619804382,0.387321472
0.359016418,0.021125793,0.512825012,0.494804382,0.762321472
0.859016418,0.521125793,0.012825012,0.994804382,0.262321472
0.609016418,0.271125793,0.262825012,0.244804382,0.012321472
0.109016418,0.771125793,0.762825012,0.744804382,0.512321472
0.077766418,0.302375793,0.669075012,0.526054382,0.981071472
0.577766418,0.802375793,0.169075012,0.026054382,0.481071472
0.827766418,0.052375793,0.419075012,0.776054382,0.231071472
0.327766418,0.552375793,0.919075012,0.276054382,0.731071472
0.452766418,0.177375793,0.044075012,0.651054382,0.106071472
0.952766418,0.677375793,0.544075012,0.151054382,0.606071472
0.702766418,0.427375793,0.794075012,0.901054382,0.856071472
0.202766418,0.927375793,0.294075012,0.401054382,0.356071472
0.140266418,0.114875793,0.981575012,0.213554382,0.418571472
0.640266418,0.614875793,0.481575012,0.713554382,0.918571472
0.890266418,0.364875793,0.231575012,0.463554382,0.668571472
0.390266418,0.864875793,0.731575012,0.963554382,0.168571472
0.265266418,0.489875793,0.356575012,0.088554382,0.543571472
0.765266418,0.989875793,0.856575012,0.588554382,0.043571472
0.515266418,0.239875793,0.606575012,0.338554382,0.293571472
0.015266418,0.739875793,0.106575012,0.838554382,0.793571472
0.011360168,0.259407043,0.329231262,0.272148132,0.274040222
0.511360168,0.759407043,0.829231262,0.772148132,0.774040222
0.761360168,0.009407043,0.579231262,0.022148132,0.524040222
0.261360168,0.509407043,0.079231262,0.522148132,0.024040222
0.386360168,0.134407043,0.954231262,0.397148132,0.649040222
0.886360168,0.634407043,0.454231262,0.897148132,0.149040222
0.636360168,0.384407043,0.204231262,0.147148132,0.399040222
0.136360168,0.884407043,0.704231262,0.647148132,0.899040222
0.198860168,0.071907043,0.016731262,0.959648132,0.836540222
0.698860168,0.571907043,0.516731262,0.459648132,0.336540222
0.948860168,0.321907043,0.766731262,0.709648132,0.086540222
0.448860168,0.821907043,0.266731262,0.209648132,0.586540222
0.323860168,0.446907043,0.641731262,0.834648132,0.211540222
0.823860168,0.946907043,0.141731262,0.334648132,0.711540222
0.573860168,0.196907043,0.391731262,0.584648132,0.961540222
0.073860168,0.696907043,0.891731262,0.084648132,0.461540222
0.105110168,0.228157043,0.547981262,0.178398132,0.055290222
0.605110168,0.728157043,0.047981262,0.678398132,0.555290222
0.855110168,0.478157043,0.297981262,0.428398132,0.805290222
0.355110168,0.978157043,0.797981262,0.928398132,0.305290222
0.480110168,0.353157043,0.172981262,0.053398132,0.930290222
0.980110168,0.853157043,0.672981262,0.553398132,0.430290222
0.730110168,0.103157043,0.922981262,0.303398132,0.180290222
0.230110168,0.603157043,0.422981262,0.803398132,0.680290222
0.167610168,0.415657043,0.860481262,0.615898132,0.617790222
0.667610168,0.915657043,0.360481262,0.115898132,0.117790222
0.917610168,0.165657043,0.110481262,0.865898132,0.367790222
0.417610168,0.665657043,0.610481262,0.365898132,0.867790222
0.292610168,0.040657043,0.485481262,0.740898132,0.492790222
0.792610168,0.540657043,0.985481262,0.240898132,0.992790222
0.542610168,0.290657043,0.735481262,0.990898132,0.742790222
0.042610168,0.790657043,0.235481262,0.490898132,0.242790222
0.058235168,0.025032043,0.782356262,0.819023132,0.945915222
0.558235168,0.525032043,0.282356262,0.319023132,0.445915222
0.808235168,0.275032043,0.032356262,0.569023132,0.195915222
0.308235168,0.775032043,0.532356262,0.069023132,0.695915222
0.433235168,0.400032043,0.407356262,0.944023132,0.070915222
0.933235168,0.900032043,0.907356262,0.444023132,0.570915222
0.683235168,0.150032043,0.657356262,0.694023132,0.820915222
0.183235168,0.650032043,0.157356262,0.194023132,0.320915222
0.245735168,0.337532043,0.594856262,0.381523132,0.383415222
0.745735168,0.837532043,0.094856262,0.881523132,0.883415222
0.995735168,0.087532043,0.344856262,0.131523132,0.633415222
0.495735168,0.587532043,0.844856262,0.631523132,0.133415222
0.370735168,0.212532043,0.219856262,0.256523132,0.508415222
0.870735168,0.712532043,0.719856262,0.756523132,0.008415222
0.620735168,0.462532043,0.969856262,0.006523132,0.258415222
0.120735168,0.962532043,0.469856262,0.506523132,0.758415222
0.089485168,0.493782043,0.063606262,0.725273132,0.727165222
0.589485168,0.993782043,0.563606262,0.225273132,0.227165222
0.839485168,0.243782043,0.813606262,0.975273132,0.477165222
0.339485168,0.743782043,0.313606262,0.475273132,0.977165222
0.464485168,0.118782043,0.688606262,0.600273132,0.352165222
0.964485168,0.618782043,0.188606262,0.100273132,0.852165222
0.714485168,0.368782043,0.438606262,0.850273132,0.602165222
0.214485168,0.868782043,0.938606262,0.350273132,0.102165222
0.151985168,0.181282043,0.251106262,0.037773132,0.164665222
0.651985168,0.681282043,0.751106262,0.537773132,0.664665222
0.901985168,0.431282043,0.501106262,0.287773132,0.914665222
0.401985168,0.931282043,0.001106262,0.787773132,0.414665222
0.276985168,0.306282043,0.876106262,0.162773132,0.789665222
0.776985168,0.806282043,0.376106262,0.662773132,0.289665222
0.526985168,0.056282043,0.126106262,0.412773132,0.039665222
0.026985168,0.556282043,0.626106262,0.912773132,0.539665222
0.019172668,0.142219543,0.149543762,0.545585632,0.438102722
0.519172668,0.642219543,0.649543762,0.045585632,0.938102722
0.769172668,0.392219543,0.899543762,0.795585632,0.688102722
0.269172668,0.892219543,0.399543762,0.295585632,0.188102722
0.394172668,0.267219543,0.524543762,0.670585632,0.563102722
0.894172668,0.767219543,0.024543762,0.170585632,0.063102722
0.644172668,0.017219543,0.274543762,0.920585632,0.313102722
0.144172668,0.517219543,0.774543762,0.420585632,0.813102722
0.206672668,0.454719543,0.462043762,0.233085632,0.875602722
0.706672668,0.954719543,0.962043762,0.733085632,0.375602722
0.956672668,0.204719543,0.712043762,0.483085632,0.125602722
0.456672668,0.704719543,0.212043762,0.983085632,0.625602722
0.331672668,0.079719543,0.837043762,0.108085632,0.000602722
0.831672668,0.579719543,0.337043762,0.608085632,0.500602722
0.581672668,0.329719543,0.087043762,0.358085632,0.750602722
0.081672668,0.829719543,0.587043762,0.858085632,0.250602722
0.112922668,0.360969543,0.993293762,0.889335632,0.219352722
0.612922668,0.860969543,0.493293762,0.389335632,0.719352722
0.862922668,0.110969543,0.243293762,0.639335632,0.969352722
0.362922668,0.610969543,0.743293762,0.139335632,0.469352722
0.487922668,0.235969543,0.368293762,0.764335632,0.844352722
0.987922668,0.735969543,0.868293762,0.264335632,0.344352722
0.737922668,0.485969543,0.618293762,0.514335632,0.094352722
0.237922668,0.985969543,0.118293762,0.014335632,0.594352722
0.175422668,0.048469543,0.680793762,0.326835632,0.656852722
0.675422668,0.548469543,0.180793762,0.826835632,0.156852722
0.925422668,0.298469543,0.430793762,0.076835632,0.406852722
0.425422668,0.798469543,0.930793762,0.576835632,0.906852722
0.300422668,0.423469543,0.055793762,0.451835632,0.281852722
0.800422668,0.923469543,0.555793762,0.951835632,0.781852722
0.550422668,0.173469543,0.805793762,0.201835632,0.531852722
0.050422668,0.673469543,0.305793762,0.701835632,0.031852722
0.034797668,0.376594543,0.727668762,0.123710632,0.766227722
0.534797668,0.876594543,0.227668762,0.623710632,0.266227722
0.784797668,0.126594543,0.477668762,0.373710632,0.016227722
0.284797668,0.626594543,0.977668762,0.873710632,0.516227722
0.409797668,0.001594543,0.102668762,0.248710632,0.141227722
0.909797668,0.501594543,0.602668762,0.748710632,0.641227722
0.659797668,0.251594543,0.852668762,0.498710632,0.891227722
0.159797668,0.751594543,0.352668762,0.998710632,0.391227722
0.222297668,0.189094543,0.915168762,0.686210632,0.328727722
0.722297668,0.689094543,0.415168762,0.186210632,0.828727722
0.972297668,0.439094543,0.165168762,0.936210632,0.578727722
0.472297668,0.939094543,0.665168762,0.436210632,0.078727722
0.347297668,0.314094543,0.290168762,0.561210632,0.703727722
0.847297668,0.814094543,0.790168762,0.061210632,0.203727722
0.597297668,0.064094543,0.540168762,0.811210632,0.453727722
0.097297668,0.564094543,0.040168762,0.311210632,0.953727722
0.066047668,0.095344543,0.383918762,0.467460632,0.547477722
0.566047668,0.595344543,0.883918762,0.967460632,0.047477722
0.816047668,0.345344543,0.633918762,0.217460632,0.297477722
0.316047668,0.845344543,0.133918762,0.717460632,0.797477722
0.441047668,0.470344543,0.758918762,0.342460632,0.422477722
0.941047668,0.970344543,0.258918762,0.842460632,0.922477722
0.691047668,0.220344543,0.008918762,0.092460632,0.672477722
0.191047668,0.720344543,0.508918762,0.592460632,0.172477722
0.128547668,0.282844543,0.196418762,0.779960632,0.109977722
0.628547668,0.782844543,0.696418762,0.279960632,0.609977722
0.878547668,0.032844543,0.946418762,0.529960632,0.859977722
0.378547668,0.532844543,0.446418762,0.029960632,0.359977722
0.253547668,0.157844543,0.571418762,0.904960632,0.984977722
0.753547668,0.657844543,0.071418762,0.404960632,0.484977722
0.503547668,0.407844543,0.321418762,0.654960632,0.234977722
0.003547668,0.907844543,0.821418762,0.154960632,0.734977722
0.002571106,0.158821106,0.3985672,0.855155945,0.00743866
0.502571106,0.658821106,0.8985672,0.355155945,0.50743866
0.752571106,0.408821106,0.6485672,0.605155945,0.75743866
0.252571106,0.908821106,0.1485672,0.105155945,0.25743866
0.377571106,0.283821106,0.7735672,0.980155945,0.88243866
0.877571106,0.783821106,0.2735672,0.480155945,0.38243866
0.627571106,0.033821106,0.0235672,0.730155945,0.13243866
0.127571106,0.533821106,0.5235672,0.230155945,0.63243866
0.190071106,0.471321106,0.2110672,0.417655945,0.56993866
0.690071106,0.971321106,0.7110672,0.917655945,0.06993866
0.940071106,0.221321106,0.9610672,0.167655945,0.31993866
0.440071106,0.721321106,0.4610672,0.667655945,0.81993866
0.315071106,0.096321106,0.5860672,0.292655945,0.44493866
0.815071106,0.596321106,0.0860672,0.792655945,0.94493866
0.565071106,0.346321106,0.3360672,0.042655945,0.69493866
0.065071106,0.846321106,0.8360672,0.542655945,0.19493866
0.096321106,0.315071106,0.7423172,0.698905945,0.28868866
0.596321106,0.815071106,0.2423172,0.198905945,0.78868866
0.846321106,0.065071106,0.4923172,0.948905945,0.53868866
0.346321106,0.565071106,0.9923172,0.448905945,0.03868866
0.471321106,0.190071106,0.1173172,0.573905945,0.66368866
0.971321106,0.690071106,0.6173172,0.073905945,0.16368866
0.721321106,0.440071106,0.8673172,0.823905945,0.41368866
0.221321106,0.940071106,0.3673172,0.323905945,0.91368866
0.158821106,0.002571106,0.9298172,0.011405945,0.85118866
0.658821106,0.502571106,0.4298172,0.511405945,0.35118866
0.908821106,0.252571106,0.1798172,0.261405945,0.10118866
0.408821106,0.752571106,0.6798172,0.761405945,0.60118866
0.283821106,0.377571106,0.3048172,0.136405945,0.22618866
0.783821106,0.877571106,0.8048172,0.636405945,0.72618866
0.533821106,0.127571106,0.5548172,0.386405945,0.97618866
0.033821106,0.627571106,0.0548172,0.886405945,0.47618866
0.049446106,0.424446106,0.9766922,0.308280945,0.71056366
0.549446106,0.924446106,0.4766922,0.808280945,0.21056366
0.799446106,0.174446106,0.2266922,0.058280945,0.46056366
0.299446106,0.674446106,0.7266922,0.558280945,0.96056366
0.424446106,0.049446106,0.3516922,0.433280945,0.33556366
0.924446106,0.549446106,0.8516922,0.933280945,0.83556366
0.674446106,0.299446106,0.6016922,0.183280945,0.58556366
0.174446106,0.799446106,0.1016922,0.683280945,0.08556366
0.236946106,0.236946106,0.6641922,0.995780945,0.14806366
0.736946106,0.736946106,0.1641922,0.495780945,0.64806366
0.986946106,0.486946106,0.4141922,0.745780945,0.89806366
0.486946106,0.986946106,0.9141922,0.245780945,0.39806366
0.361946106,0.361946106,0.0391922,0.870780945,0.77306366
0.861946106,0.861946106,0.5391922,0.370780945,0.27306366
0.611946106,0.111946106,0.7891922,0.620780945,0.02306366
0.111946106,0.611946106,0.2891922,0.120780945,0.52306366
0.080696106,0.080696106,0.1329422,0.152030945,0.99181366
0.580696106,0.580696106,0.6329422,0.652030945,0.49181366
0.830696106,0.330696106,0.8829422,0.402030945,0.24181366
0.330696106,0.830696106,0.3829422,0.902030945,0.74181366
0.455696106,0.455696106,0.5079422,0.027030945,0.11681366
0.955696106,0.955696106,0.0079422,0.527030945,0.61681366
0.705696106,0.205696106,0.2579422,0.277030945,0.86681366
0.205696106,0.705696106,0.7579422,0.777030945,0.36681366
0.143196106,0.268196106,0.4454422,0.589530945,0.42931366
0.643196106,0.768196106,0.9454422,0.089530945,0.92931366
0.893196106,0.018196106,0.6954422,0.839530945,0.67931366
0.393196106,0.518196106,0.1954422,0.339530945,0.17931366
0.268196106,0.143196106,0.8204422,0.714530945,0.55431366
0.768196106,0.643196106,0.3204422,0.214530945,0.05431366
0.518196106,0.393196106,0.0704422,0.964530945,0.30431366
0.018196106,0.893196106,0.5704422,0.464530945,0.80431366
0.026008606,0.307258606,0.0782547,0.081718445,0.21837616
0.526008606,0.807258606,0.5782547,0.581718445,0.71837616
0.776008606,0.057258606,0.8282547,0.331718445,0.96837616
0.276008606,0.557258606,0.3282547,0.831718445,0.46837616
0.401008606,0.182258606,0.7032547,0.206718445,0.84337616
0.901008606,0.682258606,0.2032547,0.706718445,0.34337616
0.651008606,0.432258606,0.4532547,0.456718445,0.09337616
0.151008606,0.932258606,0.9532547,0.956718445,0.59337616
0.213508606,0.119758606,0.2657547,0.644218445,0.65587616
0.713508606,0.619758606,0.7657547,0.144218445,0.15587616
0.963508606,0.369758606,0.5157547,0.894218445,0.40587616
0.463508606,0.869758606,0.0157547,0.394218445,0.90587616
0.338508606,0.494758606,0.8907547,0.519218445,0.28087616
0.838508606,0.994758606,0.3907547,0.019218445,0.78087616
0.588508606,0.244758606,0.1407547,0.769218445,0.53087616
0.088508606,0.744758606,0.6407547,0.269218445,0.03087616
0.119758606,0.213508606,0.7970047,0.487968445,0.49962616
0.619758606,0.713508606,0.2970047,0.987968445,0.99962616
0.869758606,0.463508606,0.0470047,0.237968445,0.74962616
0.369758606,0.963508606,0.5470047,0.737968445,0.24962616
0.494758606,0.338508606,0.4220047,0.362968445,0.62462616
0.994758606,0.838508606,0.9220047,0.862968445,0.12462616
0.744758606,0.088508606,0.6720047,0.112968445,0.37462616
0.244758606,0.588508606,0.1720047,0.612968445,0.87462616
0.182258606,0.401008606,0.6095047,0.800468445,0.93712616
0.682258606,0.901008606,0.1095047,0.300468445,0.43712616
0.932258606,0.151008606,0.3595047,0.550468445,0.18712616
0.432258606,0.651008606,0.8595047,0.050468445,0.68712616
0.307258606,0.026008606,0.2345047,0.925468445,0.06212616
0.807258606,0.526008606,0.7345047,0.425468445,0.56212616
0.557258606,0.276008606,0.9845047,0.675468445,0.81212616
0.057258606,0.776008606,0.4845047,0.175468445,0.31212616
0.041633606,0.041633606,0.5313797,0.503593445,0.51525116
0.541633606,0.541633606,0.0313797,0.003593445,0.01525116
0.791633606,0.291633606,0.2813797,0.753593445,0.26525116
0.291633606,0.791633606,0.7813797,0.253593445,0.76525116
0.416633606,0.416633606,0.1563797,0.628593445,0.39025116
0.916633606,0.916633606,0.6563797,0.128593445,0.89025116
0.666633606,0.166633606,0.9063797,0.878593445,0.64025116
0.166633606,0.666633606,0.4063797,0.378593445,0.14025116
0.229133606,0.354133606,0.8438797,0.191093445,0.07775116
0.729133606,0.854133606,0.3438797,0.691093445,0.57775116
0.979133606,0.104133606,0.0938797,0.441093445,0.82775116
0.479133606,0.604133606,0.5938797,0.941093445,0.32775116
0.354133606,0.229133606,0.4688797,0.066093445,0.95275116
0.854133606,0.729133606,0.9688797,0.566093445,0.45275116
0.604133606,0.479133606,0.7188797,0.316093445,0.20275116
0.104133606,0.979133606,0.2188797,0.816093445,0.70275116
0.072883606,0.447883606,0.3126297,0.909843445,0.79650116
0.572883606,0.947883606,0.8126297,0.409843445,0.29650116
0.822883606,0.197883606,0.5626297,0.659843445,0.04650116
0.322883606,0.697883606,0.0626297,0.159843445,0.54650116
0.447883606,0.072883606,0.9376297,0.784843445,0.17150116
0.947883606,0.572883606,0.4376297,0.284843445,0.67150116
0.697883606,0.322883606,0.1876297,0.534843445,0.92150116
0.197883606,0.822883606,0.6876297,0.034843445,0.42150116
0.135383606,0.135383606,0.0001297,0.347343445,0.35900116
0.635383606,0.635383606,0.5001297,0.847343445,0.85900116
0.885383606,0.385383606,0.7501297,0.097343445,0.60900116
0.385383606,0.885383606,0.2501297,0.597343445,0.10900116
0.260383606,0.260383606,0.6251297,0.472343445,0.73400116
0.760383606,0.760383606,0.1251297,0.972343445,0.23400116
0.510383606,0.010383606,0.3751297,0.222343445,0.48400116
0.010383606,0.510383606,0.8751297,0.722343445,0.98400116
0.014289856,0.490852356,0.68372345,0.171562195,0.46446991
0.514289856,0.990852356,0.18372345,0.671562195,0.96446991
0.764289856,0.240852356,0.43372345,0.421562195,0.71446991
0.264289856,0.740852356,0.93372345,0.921562195,0.21446991
0.389289856,0.115852356,0.05872345,0.046562195,0.58946991
0.889289856,0.615852356,0.55872345,0.546562195,0.08946991
0.639289856,0.365852356,0.80872345,0.296562195,0.33946991
0.139289856,0.865852356,0.30872345,0.796562195,0.83946991
0.201789856,0.178352356,0.99622345,0.609062195,0.90196991
0.701789856,0.678352356,0.49622345,0.109062195,0.40196991
0.951789856,0.428352356,0.24622345,0.859062195,0.15196991
0.451789856,0.928352356,0.74622345,0.359062195,0.65196991
0.326789856,0.303352356,0.37122345,0.734062195,0.02696991
0.826789856,0.803352356,0.87122345,0.234062195,0.52696991
0.576789856,0.053352356,0.62122345,0.984062195,0.77696991
0.076789856,0.553352356,0.12122345,0.484062195,0.27696991
0.108039856,0.022102356,0.46497345,0.265312195,0.24571991
0.608039856,0.522102356,0.96497345,0.765312195,0.74571991
0.858039856,0.272102356,0.71497345,0.015312195,0.99571991
0.358039856,0.772102356,0.21497345,0.515312195,0.49571991
0.483039856,0.397102356,0.83997345,0.390312195,0.87071991
0.983039856,0.897102356,0.33997345,0.890312195,0.37071991
0.733039856,0.147102356,0.08997345,0.140312195,0.12071991
0.233039856,0.647102356,0.58997345,0.640312195,0.62071991
0.170539856,0.334602356,0.15247345,0.952812195,0.68321991
0.670539856,0.834602356,0.65247345,0.452812195,0.18321991
0.920539856,0.084602356,0.90247345,0.702812195,0.43321991
0.420539856,0.584602356,0.40247345,0.202812195,0.93321991
0.295539856,0.209602356,0.52747345,0.827812195,0.30821991
0.795539856,0.709602356,0.02747345,0.327812195,0.80821991
0.545539856,0.459602356,0.27747345,0.577812195,0.55821991
0.045539856,0.959602356,0.77747345,0.077812195,0.05821991
0.061164856,0.225227356,0.19934845,0.749687195,0.76134491
0.561164856,0.725227356,0.69934845,0.249687195,0.26134491
0.811164856,0.475227356,0.94934845,0.999687195,0.01134491
0.311164856,0.975227356,0.44934845,0.499687195,0.51134491
0.436164856,0.350227356,0.57434845,0.624687195,0.13634491
0.936164856,0.850227356,0.07434845,0.124687195,0.63634491
0.686164856,0.100227356,0.32434845,0.874687195,0.88634491
0.186164856,0.600227356,0.82434845,0.374687195,0.38634491
0.248664856,0.412727356,0.38684845,0.062187195,0.32384491
0.748664856,0.912727356,0.88684845,0.562187195,0.82384491
0.998664856,0.162727356,0.63684845,0.312187195,0.57384491
0.498664856,0.662727356,0.13684845,0.812187195,0.07384491
0.373664856,0.037727356,0.76184845,0.187187195,0.69884491
0.873664856,0.537727356,0.26184845,0.687187195,0.19884491
0.623664856,0.287727356,0.01184845,0.437187195,0.44884491
0.123664856,0.787727356,0.51184845,0.937187195,0.94884491
0.092414856,0.256477356,0.91809845,0.843437195,0.54259491
0.592414856,0.756477356,0.41809845,0.343437195,0.04259491
0.842414856,0.006477356,0.16809845,0.593437195,0.29259491
0.342414856,0.506477356,0.66809845,0.093437195,0.79259491
0.467414856,0.131477356,0.29309845,0.968437195,0.41759491
0.967414856,0.631477356,0.79309845,0.468437195,0.91759491
0.717414856,0.381477356,0.54309845,0.718437195,0.66759491
0.217414856,0.881477356,0.04309845,0.218437195,0.16759491
0.154914856,0.068977356,0.73059845,0.405937195,0.10509491
0.654914856,0.568977356,0.23059845,0.905937195,0.60509491
0.904914856,0.318977356,0.48059845,0.155937195,0.85509491
0.404914856,0.818977356,0.98059845,0.655937195,0.35509491
0.279914856,0.443977356,0.10559845,0.280937195,0.98009491
0.779914856,0.943977356,0.60559845,0.780937195,0.48009491
0.529914856,0.193977356,0.85559845,0.030937195,0.23009491
0.029914856,0.693977356,0.35559845,0.530937195,0.73009491
0.022102356,0.108039856,0.86341095,0.898124695,0.25353241
0.522102356,0.608039856,0.36341095,0.398124695,0.75353241
0.772102356,0.358039856,0.11341095,0.648124695,0.50353241
0.272102356,0.858039856,0.61341095,0.148124695,0.00353241
0.397102356,0.483039856,0.48841095,0.773124695,0.62853241
0.897102356,0.983039856,0.98841095,0.273124695,0.12853241
0.647102356,0.233039856,0.73841095,0.523124695,0.37853241
0.147102356,0.733039856,0.23841095,0.023124695,0.87853241
0.209602356,0.295539856,0.55091095,0.335624695,0.81603241
0.709602356,0.795539856,0.05091095,0.835624695,0.31603241
0.959602356,0.045539856,0.30091095,0.085624695,0.06603241
0.459602356,0.545539856,0.80091095,0.585624695,0.56603241
0.334602356,0.170539856,0.17591095,0.460624695,0.19103241
0.834602356,0.670539856,0.67591095,0.960624695,0.69103241
0.584602356,0.420539856,0.92591095,0.210624695,0.94103241
0.084602356,0.920539856,0.42591095,0.710624695,0.44103241
0.115852356,0.389289856,0.01966095,0.554374695,0.03478241
0.615852356,0.889289856,0.51966095,0.054374695,0.53478241
0.865852356,0.139289856,0.76966095,0.804374695,0.78478241
0.365852356,0.639289856,0.26966095,0.304374695,0.28478241
0.490852356,0.014289856,0.64466095,0.679374695,0.90978241
0.990852356,0.514289856,0.14466095,0.179374695,0.40978241
0.740852356,0.264289856,0.39466095,0.929374695,0.15978241
0.240852356,0.764289856,0.89466095,0.429374695,0.65978241
0.178352356,0.201789856,0.33216095,0.241874695,0.59728241
0.678352356,0.701789856,0.83216095,0.741874695,0.09728241
0.928352356,0.451789856,0.58216095,0.491874695,0.34728241
0.428352356,0.951789856,0.08216095,0.991874695,0.84728241
0.303352356,0.326789856,0.95716095,0.116874695,0.47228241
0.803352356,0.826789856,0.45716095,0.616874695,0.97228241
0.553352356,0.076789856,0.20716095,0.366874695,0.72228241
0.053352356,0.576789856,0.70716095,0.866874695,0.22228241
0.037727356,0.373664856,0.25403595,0.444999695,0.95665741
0.537727356,0.873664856,0.75403595,0.944999695,0.45665741
0.787727356,0.123664856,0.50403595,0.194999695,0.20665741
0.287727356,0.623664856,0.00403595,0.694999695,0.70665741
0.412727356,0.248664856,0.87903595,0.319999695,0.08165741
0.912727356,0.748664856,0.37903595,0.819999695,0.58165741
0.662727356,0.498664856,0.12903595,0.069999695,0.83165741
0.162727356,0.998664856,0.62903595,0.569999695,0.33165741
0.225227356,0.061164856,0.06653595,0.757499695,0.39415741
0.725227356,0.561164856,0.56653595,0.257499695,0.89415741
0.975227356,0.311164856,0.81653595,0.507499695,0.64415741
0.475227356,0.811164856,0.31653595,0.007499695,0.14415741
0.350227356,0.436164856,0.69153595,0.882499695,0.51915741
0.850227356,0.936164856,0.19153595,0.382499695,0.01915741
0.600227356,0.186164856,0.44153595,0.632499695,0.26915741
0.100227356,0.686164856,0.94153595,0.132499695,0.76915741
0.068977356,0.154914856,0.59778595,0.101249695,0.73790741
0.568977356,0.654914856,0.09778595,0.601249695,0.23790741
0.818977356,0.404914856,0.34778595,0.351249695,0.48790741
0.318977356,0.904914856,0.84778595,0.851249695,0.98790741
0.443977356,0.279914856,0.22278595,0.226249695,0.36290741
0.943977356,0.779914856,0.72278595,0.726249695,0.86290741
0.693977356,0.029914856,0.97278595,0.476249695,0.61290741
0.193977356,0.529914856,0.47278595,0.976249695,0.11290741
0.131477356,0.467414856,0.78528595,0.663749695,0.17540741
0.631477356,0.967414856,0.28528595,0.163749695,0.67540741
0.881477356,0.217414856,0.03528595,0.913749695,0.92540741
0.381477356,0.717414856,0.53528595,0.413749695,0.42540741
0.256477356,0.092414856,0.41028595,0.538749695,0.80040741
0.756477356,0.592414856,0.91028595,0.038749695,0.30040741
0.506477356,0.342414856,0.66028595,0.788749695,0.05040741
0.006477356,0.842414856,0.16028595,0.288749695,0.55040741
0.004524231,0.340461731,0.755989075,0.57195282,0.829704285
0.504524231,0.840461731,0.255989075,0.07195282,0.329704285
0.754524231,0.090461731,0.005989075,0.82195282,0.079704285
0.254524231,0.590461731,0.505989075,0.32195282,0.579704285
0.379524231,0.215461731,0.380989075,0.69695282,0.204704285
0.879524231,0.715461731,0.880989075,0.19695282,0.704704285
0.629524231,0.465461731,0.630989075,0.94695282,0.954704285
0.129524231,0.965461731,0.130989075,0.44695282,0.454704285
0.192024231,0.027961731,0.568489075,0.13445282,0.267204285
0.692024231,0.527961731,0.068489075,0.63445282,0.767204285
0.942024231,0.277961731,0.318489075,0.38445282,0.517204285
0.442024231,0.777961731,0.818489075,0.88445282,0.017204285
0.317024231,0.402961731,0.193489075,0.00945282,0.642204285
0.817024231,0.902961731,0.693489075,0.50945282,0.142204285
0.567024231,0.152961731,0.943489075,0.25945282,0.392204285
0.067024231,0.652961731,0.443489075,0.75945282,0.892204285
0.098274231,0.184211731,0.099739075,0.97820282,0.610954285
0.598274231,0.684211731,0.599739075,0.47820282,0.110954285
0.848274231,0.434211731,0.849739075,0.72820282,0.360954285
0.348274231,0.934211731,0.349739075,0.22820282,0.860954285
0.473274231,0.309211731,0.724739075,0.85320282,0.485954285
0.973274231,0.809211731,0.224739075,0.35320282,0.985954285
0.723274231,0.059211731,0.474739075,0.60320282,0.735954285
0.223274231,0.559211731,0.974739075,0.10320282,0.235954285
0.160774231,0.496711731,0.287239075,0.29070282,0.048454285
0.660774231,0.996711731,0.787239075,0.79070282,0.548454285
0.910774231,0.246711731,0.537239075,0.04070282,0.798454285
0.410774231,0.746711731,0.037239075,0.54070282,0.298454285
0.285774231,0.121711731,0.912239075,0.41570282,0.923454285
0.785774231,0.621711731,0.412239075,0.91570282,0.423454285
0.535774231,0.371711731,0.162239075,0.16570282,0.173454285
0.035774231,0.871711731,0.662239075,0.66570282,0.673454285
0.051399231,0.074836731,0.365364075,0.02507782,0.376579285
0.551399231,0.574836731,0.865364075,0.52507782,0.876579285
0.801399231,0.324836731,0.615364075,0.27507782,0.626579285
0.301399231,0.824836731,0.115364075,0.77507782,0.126579285
0.426399231,0.449836731,0.990364075,0.15007782,0.501579285
0.926399231,0.949836731,0.490364075,0.65007782,0.001579285
0.676399231,0.199836731,0.240364075,0.40007782,0.251579285
0.176399231,0.699836731,0.740364075,0.90007782,0.751579285
0.238899231,0.262336731,0.052864075,0.71257782,0.939079285
0.738899231,0.762336731,0.552864075,0.21257782,0.439079285
0.988899231,0.012336731,0.802864075,0.96257782,0.189079285
0.488899231,0.512336731,0.302864075,0.46257782,0.689079285
0.363899231,0.137336731,0.677864075,0.58757782,0.064079285
0.863899231,0.637336731,0.177864075,0.08757782,0.564079285
0.613899231,0.387336731,0.427864075,0.83757782,0.814079285
0.113899231,0.887336731,0.927864075,0.33757782,0.314079285
0.082649231,0.418586731,0.521614075,0.43132782,0.157829285
0.582649231,0.918586731,0.021614075,0.93132782,0.657829285
0.832649231,0.168586731,0.271614075,0.18132782,0.907829285
0.332649231,0.668586731,0.771614075,0.68132782,0.407829285
0.457649231,0.043586731,0.146614075,0.30632782,0.782829285
0.957649231,0.543586731,0.646614075,0.80632782,0.282829285
0.707649231,0.293586731,0.896614075,0.05632782,0.032829285
0.207649231,0.793586731,0.396614075,0.55632782,0.532829285
0.145149231,0.231086731,0.834114075,0.86882782,0.720329285
0.645149231,0.731086731,0.334114075,0.36882782,0.220329285
0.895149231,0.481086731,0.084114075,0.61882782,0.470329285
0.395149231,0.981086731,0.584114075,0.11882782,0.970329285
0.270149231,0.356086731,0.459114075,0.99382782,0.345329285
0.770149231,0.856086731,0.959114075,0.49382782,0.845329285
0.520149231,0.106086731,0.709114075,0.74382782,0.595329285
0.020149231,0.606086731,0.209114075,0.24382782,0.095329285
0.027961731,0.192024231,0.701301575,0.36101532,0.884391785
0.527961731,0.692024231,0.201301575,0.86101532,0.384391785
0.777961731,0.442024231,0.451301575,0.11101532,0.134391785
0.277961731,0.942024231,0.951301575,0.61101532,0.634391785
0.402961731,0.317024231,0.076301575,0.48601532,0.009391785
0.902961731,0.817024231,0.576301575,0.98601532,0.509391785
0.652961731,0.067024231,0.826301575,0.23601532,0.759391785
0.152961731,0.567024231,0.326301575,0.73601532,0.259391785
0.215461731,0.379524231,0.888801575,0.92351532,0.446891785
0.715461731,0.879524231,0.388801575,0.42351532,0.946891785
0.965461731,0.129524231,0.138801575,0.67351532,0.696891785
0.465461731,0.629524231,0.638801575,0.17351532,0.196891785
0.340461731,0.004524231,0.263801575,0.79851532,0.571891785
0.840461731,0.504524231,0.763801575,0.29851532,0.071891785
0.590461731,0.254524231,0.513801575,0.54851532,0.321891785
0.090461731,0.754524231,0.013801575,0.04851532,0.821891785
0.121711731,0.285774231,0.420051575,0.20476532,0.665641785
0.621711731,0.785774231,0.920051575,0.70476532,0.165641785
0.871711731,0.035774231,0.670051575,0.45476532,0.415641785
0.371711731,0.535774231,0.170051575,0.95476532,0.915641785
0.496711731,0.160774231,0.795051575,0.07976532,0.290641785
0.996711731,0.660774231,0.295051575,0.57976532,0.790641785
0.746711731,0.410774231,0.045051575,0.32976532,0.540641785
0.246711731,0.910774231,0.545051575,0.82976532,0.040641785
0.184211731,0.098274231,0.232551575,0.51726532,0.228141785
0.684211731,0.598274231,0.732551575,0.01726532,0.728141785
0.934211731,0.348274231,0.982551575,0.76726532,0.978141785
0.434211731,0.848274231,0.482551575,0.26726532,0.478141785
0.309211731,0.473274231,0.607551575,0.64226532,0.853141785
0.809211731,0.973274231,0.107551575,0.14226532,0.353141785
0.559211731,0.223274231,0.357551575,0.89226532,0.103141785
0.059211731,0.723274231,0.857551575,0.39226532,0.603141785
0.043586731,0.457649231,0.185676575,0.78289032,0.337516785
0.543586731,0.957649231,0.685676575,0.28289032,0.837516785
0.793586731,0.207649231,0.935676575,0.53289032,0.587516785
0.293586731,0.707649231,0.435676575,0.03289032,0.087516785
0.418586731,0.082649231,0.560676575,0.90789032,0.712516785
0.918586731,0.582649231,0.060676575,0.40789032,0.212516785
0.668586731,0.332649231,0.310676575,0.65789032,0.462516785
0.168586731,0.832649231,0.810676575,0.15789032,0.962516785
0.231086731,0.145149231,0.498176575,0.47039032,0.775016785
0.731086731,0.645149231,0.998176575,0.97039032,0.275016785
0.981086731,0.395149231,0.748176575,0.22039032,0.025016785
0.481086731,0.895149231,0.248176575,0.72039032,0.525016785
0.356086731,0.270149231,0.873176575,0.34539032,0.150016785
0.856086731,0.770149231,0.373176575,0.84539032,0.650016785
0.606086731,0.020149231,0.123176575,0.09539032,0.900016785
0.106086731,0.520149231,0.623176575,0.59539032,0.400016785
0.074836731,0.051399231,0.966926575,0.62664032,0.118766785
0.574836731,0.551399231,0.466926575,0.12664032,0.618766785
0.824836731,0.301399231,0.216926575,0.87664032,0.868766785
0.324836731,0.801399231,0.716926575,0.37664032,0.368766785
0.449836731,0.426399231,0.341926575,0.50164032,0.993766785
0.949836731,0.926399231,0.841926575,0.00164032,0.493766785
0.699836731,0.176399231,0.591926575,0.75164032,0.243766785
0.199836731,0.676399231,0.091926575,0.25164032,0.743766785
0.137336731,0.363899231,0.654426575,0.06414032,0.556266785
0.637336731,0.863899231,0.154426575,0.56414032,0.056266785
0.887336731,0.113899231,0.404426575,0.31414032,0.306266785
0.387336731,0.613899231,0.904426575,0.81414032,0.806266785
0.262336731,0.238899231,0.029426575,0.18914032,0.431266785
0.762336731,0.738899231,0.529426575,0.68914032,0.931266785
0.512336731,0.488899231,0.779426575,0.43914032,0.681266785
0.012336731,0.988899231,0.279426575,0.93914032,0.181266785
0.008430481,0.008430481,0.033332825,0.38835907,0.638298035
0.508430481,0.508430481,0.533332825,0.88835907,0.138298035
0.758430481,0.258430481,0.783332825,0.13835907,0.388298035
0.258430481,0.758430481,0.283332825,0.63835907,0.888298035
0.383430481,0.383430481,0.658332825,0.26335907,0.263298035
0.883430481,0.883430481,0.158332825,0.76335907,0.763298035
0.633430481,0.133430481,0.408332825,0.01335907,0.513298035
0.133430481,0.633430481,0.908332825,0.51335907,0.013298035
0.195930481,0.320930481,0.345832825,0.82585907,0.200798035
0.695930481,0.820930481,0.845832825,0.32585907,0.700798035
0.945930481,0.070930481,0.595832825,0.57585907,0.950798035
0.445930481,0.570930481,0.095832825,0.07585907,0.450798035
0.320930481,0.195930481,0.970832825,0.95085907,0.825798035
0.820930481,0.695930481,0.470832825,0.45085907,0.325798035
0.570930481,0.445930481,0.220832825,0.70085907,0.075798035
0.070930481,0.945930481,0.720832825,0.20085907,0.575798035
0.102180481,0.477180481,0.814582825,0.04460907,0.919548035
0.602180481,0.977180481,0.314582825,0.54460907,0.419548035
0.852180481,0.227180481,0.064582825,0.29460907,0.169548035
0.352180481,0.727180481,0.564582825,0.79460907,0.669548035
0.477180481,0.102180481,0.439582825,0.16960907,0.044548035
0.977180481,0.602180481,0.939582825,0.66960907,0.544548035
0.727180481,0.352180481,0.689582825,0.41960907,0.794548035
0.227180481,0.852180481,0.189582825,0.91960907,0.294548035
0.164680481,0.164680481,0.502082825,0.73210907,0.482048035
0.664680481,0.664680481,0.002082825,0.23210907,0.982048035
0.914680481,0.414680481,0.252082825,0.98210907,0.732048035
0.414680481,0.914680481,0.752082825,0.48210907,0.232048035
0.289680481,0.289680481,0.127082825,0.60710907,0.607048035
0.789680481,0.789680481,0.627082825,0.10710907,0.107048035
0.539680481,0.039680481,0.877082825,0.85710907,0.357048035
0.039680481,0.539680481,0.377082825,0.35710907,0.857048035
0.055305481,0.274055481,0.580207825,0.96648407,0.091423035
0.555305481,0.774055481,0.080207825,0.46648407,0.591423035
0.805305481,0.024055481,0.330207825,0.71648407,0.841423035
0.305305481,0.524055481,0.830207825,0.21648407,0.341423035
0.430305481,0.149055481,0.205207825,0.84148407,0.966423035
0.930305481,0.649055481,0.705207825,0.34148407,0.466423035
0.680305481,0.399055481,0.955207825,0.59148407,0.216423035
0.180305481,0.899055481,0.455207825,0.09148407,0.716423035
0.242805481,0.086555481,0.767707825,0.27898407,0.528923035
0.742805481,0.586555481,0.267707825,0.77898407,0.028923035
0.992805481,0.336555481,0.017707825,0.02898407,0.278923035
0.492805481,0.836555481,0.517707825,0.52898407,0.778923035
0.367805481,0.461555481,0.392707825,0.40398407,0.403923035
0.867805481,0.961555481,0.892707825,0.90398407,0.903923035
0.617805481,0.211555481,0.642707825,0.15398407,0.653923035
0.117805481,0.711555481,0.142707825,0.65398407,0.153923035
0.086555481,0.242805481,0.298957825,0.62273407,0.372673035
0.586555481,0.742805481,0.798957825,0.12273407,0.872673035
0.836555481,0.492805481,0.548957825,0.87273407,0.622673035
0.336555481,0.992805481,0.048957825,0.37273407,0.122673035
0.461555481,0.367805481,0.923957825,0.74773407,0.747673035
0.961555481,0.867805481,0.423957825,0.24773407,0.247673035
0.711555481,0.117805481,0.173957825,0.99773407,0.497673035
0.211555481,0.617805481,0.673957825,0.49773407,0.997673035
0.149055481,0.430305481,0.111457825,0.18523407,0.810173035
0.649055481,0.930305481,0.611457825,0.68523407,0.310173035
0.899055481,0.180305481,0.861457825,0.43523407,0.060173035
0.399055481,0.680305481,0.361457825,0.93523407,0.560173035
0.274055481,0.055305481,0.736457825,0.06023407,0.185173035
0.774055481,0.555305481,0.236457825,0.56023407,0.685173035
0.524055481,0.305305481,0.486457825,0.31023407,0.935173035
0.024055481,0.805305481,0.986457825,0.81023407,0.435173035
0.016242981,0.391242981,0.478645325,0.67742157,0.583610535
0.516242981,0.891242981,0.978645325,0.17742157,0.083610535
0.766242981,0.141242981,0.728645325,0.92742157,0.333610535
0.266242981,0.641242981,0.228645325,0.42742157,0.833610535
0.391242981,0.016242981,0.853645325,0.55242157,0.458610535
0.891242981,0.516242981,0.353645325,0.05242157,0.958610535
0.641242981,0.266242981,0.103645325,0.80242157,0.708610535
0.141242981,0.766242981,0.603645325,0.30242157,0.208610535
0.203742981,0.203742981,0.166145325,0.11492157,0.021110535
0.703742981,0.703742981,0.666145325,0.61492157,0.521110535
0.953742981,0.453742981,0.916145325,0.36492157,0.771110535
0.453742981,0.953742981,0.416145325,0.86492157,0.271110535
0.328742981,0.328742981,0.541145325,0.23992157,0.896110535
0.828742981,0.828742981,0.041145325,0.73992157,0.396110535
0.578742981,0.078742981,0.291145325,0.48992157,0.146110535
0.078742981,0.578742981,0.791145325,0.98992157,0.646110535
0.109992981,0.109992981,0.634895325,0.77117157,0.864860535
0.609992981,0.609992981,0.134895325,0.27117157,0.364860535
0.859992981,0.359992981,0.384895325,0.52117157,0.114860535
0.359992981,0.859992981,0.884895325,0.02117157,0.614860535
0.484992981,0.484992981,0.009895325,0.89617157,0.239860535
0.984992981,0.984992981,0.509895325,0.39617157,0.739860535
0.734992981,0.234992981,0.759895325,0.64617157,0.989860535
0.234992981,0.734992981,0.259895325,0.14617157,0.489860535
0.172492981,0.297492981,0.947395325,0.45867157,0.302360535
0.672492981,0.797492981,0.447395325,0.95867157,0.802360535
0.922492981,0.047492981,0.197395325,0.20867157,0.552360535
0.422492981,0.547492981,0.697395325,0.70867157,0.052360535
0.297492981,0.172492981,0.322395325,0.33367157,0.677360535
0.797492981,0.672492981,0.822395325,0.83367157,0.177360535
0.547492981,0.422492981,0.572395325,0.08367157,0.427360535
0.047492981,0.922492981,0.072395325,0.58367157,0.927360535
0.031867981,0.125617981,0.900520325,0.22429657,0.130485535
0.531867981,0.625617981,0.400520325,0.72429657,0.630485535
0.781867981,0.375617981,0.150520325,0.47429657,0.880485535
0.281867981,0.875617981,0.650520325,0.97429657,0.380485535
0.406867981,0.250617981,0.275520325,0.09929657,0.755485535
0.906867981,0.750617981,0.775520325,0.59929657,0.255485535
0.656867981,0.000617981,0.525520325,0.34929657,0.005485535
0.156867981,0.500617981,0.025520325,0.84929657,0.505485535
0.219367981,0.438117981,0.713020325,0.53679657,0.692985535
0.719367981,0.938117981,0.213020325,0.03679657,0.192985535
0.969367981,0.188117981,0.463020325,0.78679657,0.442985535
0.469367981,0.688117981,0.963020325,0.28679657,0.942985535
0.344367981,0.063117981,0.088020325,0.66179657,0.317985535
0.844367981,0.563117981,0.588020325,0.16179657,0.817985535
0.594367981,0.313117981,0.838020325,0.91179657,0.567985535
0.094367981,0.813117981,0.338020325,0.41179657,0.067985535
0.063117981,0.344367981,0.244270325,0.31804657,0.411735535
0.563117981,0.844367981,0.744270325,0.81804657,0.911735535
0.813117981,0.094367981,0.994270325,0.06804657,0.661735535
0.313117981,0.594367981,0.494270325,0.56804657,0.161735535
0.438117981,0.219367981,0.619270325,0.44304657,0.536735535
0.938117981,0.719367981,0.119270325,0.94304657,0.036735535
0.688117981,0.469367981,0.369270325,0.19304657,0.286735535
0.188117981,0.969367981,0.869270325,0.69304657,0.786735535
0.125617981,0.031867981,0.431770325,0.88054657,0.974235535
0.625617981,0.531867981,0.931770325,0.38054657,0.474235535
0.875617981,0.281867981,0.681770325,0.63054657,0.224235535
0.375617981,0.781867981,0.181770325,0.13054657,0.724235535
0.250617981,0.406867981,0.806770325,0.75554657,0.099235535
0.750617981,0.906867981,0.306770325,0.25554657,0.599235535
0.500617981,0.156867981,0.056770325,0.50554657,0.849235535
0.000617981,0.656867981,0.556770325,0.00554657,0.349235535
0.000862122,0.347053528,0.442268372,0.237724304,0.170280457
0.500862122,0.847053528,0.942268372,0.737724304,0.670280457
0.750862122,0.097053528,0.692268372,0.487724304,0.920280457
0.250862122,0.597053528,0.192268372,0.987724304,0.420280457
0.375862122,0.222053528,0.817268372,0.112724304,0.795280457
0.875862122,0.722053528,0.317268372,0.612724304,0.295280457
0.625862122,0.472053528,0.067268372,0.362724304,0.045280457
0.125862122,0.972053528,0.567268372,0.862724304,0.545280457
0.188362122,0.034553528,0.129768372,0.550224304,0.732780457
0.688362122,0.534553528,0.629768372,0.050224304,0.232780457
0.938362122,0.284553528,0.879768372,0.800224304,0.482780457
0.438362122,0.784553528,0.379768372,0.300224304,0.982780457
0.313362122,0.409553528,0.504768372,0.675224304,0.357780457
0.813362122,0.909553528,0.004768372,0.175224304,0.857780457
0.563362122,0.159553528,0.254768372,0.925224304,0.607780457
0.063362122,0.659553528,0.754768372,0.425224304,0.107780457
0.094612122,0.128303528,0.661018372,0.331474304,0.389030457
0.594612122,0.628303528,0.161018372,0.831474304,0.889030457
0.844612122,0.378303528,0.411018372,0.081474304,0.639030457
0.344612122,0.878303528,0.911018372,0.581474304,0.139030457
0.469612122,0.253303528,0.036018372,0.456474304,0.514030457
0.969612122,0.753303528,0.536018372,0.956474304,0.014030457
0.719612122,0.003303528,0.786018372,0.206474304,0.264030457
0.219612122,0.503303528,0.286018372,0.706474304,0.764030457
0.157112122,0.440803528,0.973518372,0.893974304,0.951530457
0.657112122,0.940803528,0.473518372,0.393974304,0.451530457
0.907112122,0.190803528,0.223518372,0.643974304,0.201530457
0.407112122,0.690803528,0.723518372,0.143974304,0.701530457
0.282112122,0.065803528,0.348518372,0.768974304,0.076530457
0.782112122,0.565803528,0.848518372,0.268974304,0.576530457
0.532112122,0.315803528,0.598518372,0.518974304,0.826530457
0.032112122,0.815803528,0.098518372,0.018974304,0.326530457
0.047737122,0.112678528,0.926643372,0.659599304,0.623405457
0.547737122,0.612678528,0.426643372,0.159599304,0.123405457
0.797737122,0.362678528,0.176643372,0.909599304,0.373405457
0.297737122,0.862678528,0.676643372,0.409599304,0.873405457
0.422737122,0.487678528,0.301643372,0.534599304,0.498405457
0.922737122,0.987678528,0.801643372,0.034599304,0.998405457
0.672737122,0.237678528,0.551643372,0.784599304,0.748405457
0.172737122,0.737678528,0.051643372,0.284599304,0.248405457
0.235237122,0.300178528,0.739143372,0.097099304,0.060905457
0.735237122,0.800178528,0.239143372,0.597099304,0.560905457
0.985237122,0.050178528,0.489143372,0.347099304,0.810905457
0.485237122,0.550178528,0.989143372,0.847099304,0.310905457
0.360237122,0.175178528,0.114143372,0.222099304,0.935905457
0.860237122,0.675178528,0.614143372,0.722099304,0.435905457
0.610237122,0.425178528,0.864143372,0.472099304,0.185905457
0.110237122,0.925178528,0.364143372,0.972099304,0.685905457
0.078987122,0.393928528,0.207893372,0.753349304,0.842155457
0.578987122,0.893928528,0.707893372,0.253349304,0.342155457
0.828987122,0.143928528,0.957893372,0.503349304,0.092155457
0.328987122,0.643928528,0.457893372,0.003349304,0.592155457
0.453987122,0.018928528,0.582893372,0.878349304,0.217155457
0.953987122,0.518928528,0.082893372,0.378349304,0.717155457
0.703987122,0.268928528,0.332893372,0.628349304,0.967155457
0.203987122,0.768928528,0.832893372,0.128349304,0.467155457
0.141487122,0.206428528,0.395393372,0.440849304,0.279655457
0.641487122,0.706428528,0.895393372,0.940849304,0.779655457
0.891487122,0.456428528,0.645393372,0.190849304,0.529655457
0.391487122,0.956428528,0.145393372,0.690849304,0.029655457
0.266487122,0.331428528,0.770393372,0.315849304,0.654655457
0.766487122,0.831428528,0.270393372,0.815849304,0.154655457
0.516487122,0.081428528,0.020393372,0.065849304,0.404655457
0.016487122,0.581428528,0.520393372,0.565849304,0.904655457
0.024299622,0.245491028,0.012580872,0.948661804,0.115592957
0.524299622,0.745491028,0.512580872,0.448661804,0.615592957
0.774299622,0.495491028,0.762580872,0.698661804,0.865592957
0.274299622,0.995491028,0.262580872,0.198661804,0.365592957
0.399299622,0.370491028,0.637580872,0.823661804,0.990592957
0.899299622,0.870491028,0.137580872,0.323661804,0.490592957
0.649299622,0.120491028,0.387580872,0.573661804,0.240592957
0.149299622,0.620491028,0.887580872,0.073661804,0.740592957
0.211799622,0.432991028,0.325080872,0.261161804,0.553092957
0.711799622,0.932991028,0.825080872,0.761161804,0.053092957
0.961799622,0.182991028,0.575080872,0.011161804,0.303092957
0.461799622,0.682991028,0.075080872,0.511161804,0.803092957
0.336799622,0.057991028,0.950080872,0.386161804,0.428092957
0.836799622,0.557991028,0.450080872,0.886161804,0.928092957
0.586799622,0.307991028,0.200080872,0.136161804,0.678092957
0.086799622,0.807991028,0.700080872,0.636161804,0.178092957
0.118049622,0.276741028,0.856330872,0.604911804,0.334342957
0.618049622,0.776741028,0.356330872,0.104911804,0.834342957
0.868049622,0.026741028,0.106330872,0.854911804,0.584342957
0.368049622,0.526741028,0.606330872,0.354911804,0.084342957
0.493049622,0.151741028,0.481330872,0.729911804,0.709342957
0.993049622,0.651741028,0.981330872,0.229911804,0.209342957
0.743049622,0.401741028,0.731330872,0.979911804,0.459342957
0.243049622,0.901741028,0.231330872,0.479911804,0.959342957
0.180549622,0.089241028,0.543830872,0.167411804,0.771842957
0.680549622,0.589241028,0.043830872,0.667411804,0.271842957
0.930549622,0.339241028,0.293830872,0.417411804,0.021842957
0.430549622,0.839241028,0.793830872,0.917411804,0.521842957
0.305549622,0.464241028,0.168830872,0.042411804,0.146842957
0.805549622,0.964241028,0.668830872,0.542411804,0.646842957
0.555549622,0.214241028,0.918830872,0.292411804,0.896842957
0.055549622,0.714241028,0.418830872,0.792411804,0.396842957
0.039924622,0.479866028,0.621955872,0.401786804,0.662467957
0.539924622,0.979866028,0.121955872,0.901786804,0.162467957
0.789924622,0.229866028,0.371955872,0.151786804,0.412467957
0.289924622,0.729866028,0.871955872,0.651786804,0.912467957
0.414924622,0.104866028,0.246955872,0.276786804,0.287467957
0.914924622,0.604866028,0.746955872,0.776786804,0.787467957
0.664924622,0.354866028,0.996955872,0.026786804,0.537467957
0.164924622,0.854866028,0.496955872,0.526786804,0.037467957
0.227424622,0.167366028,0.809455872,0.839286804,0.224967957
0.727424622,0.667366028,0.309455872,0.339286804,0.724967957
0.977424622,0.417366028,0.059455872,0.589286804,0.974967957
0.477424622,0.917366028,0.559455872,0.089286804,0.474967957
0.352424622,0.292366028,0.434455872,0.964286804,0.849967957
0.852424622,0.792366028,0.934455872,0.464286804,0.349967957
0.602424622,0.042366028,0.684455872,0.714286804,0.099967957
